alias_key,alias_name,normalized_alias,item_code,occurrence_count,first_source_row,review_status,is_active
7fb8829717ce1b7a5e05502d811007ec9a75971445e3631527b0777ea805db53,SE-WC100,sewc100,SE-WC100,1,2,confirmed,true
42ec5f918b73e3e4bd31bfdea1d74cc0c2e58d3730f192776c36b0345141c92c,WC100A,wc100a,SE-WC100A,1,3,confirmed,true
d26bb8e103e3fceeaf5a3d1a21f77d99841c51786f8482fea31465c45eceb2da,SE-WC100A,sewc100a,SE-WC100A,1,4,confirmed,true
2ab2e974decea9bbd76fb1a35cbd55d117c0174fea13124d4edb6b1d12fe68aa,SE-WC200,sewc200,SE-WC200,1,5,confirmed,true
0fb31c8d7bfbefd3cab5688ffbc4eabeb690b4ff88123bc38632684ed0ce284b,SE-WC300,sewc300,SE-WC300,1,6,confirmed,true
46c03879d3b82ac5bf1f8ef5c508bd6b3dfd348f895d1c0ddbb90bb83dcb2fc5,SE-WC500,sewc500,SE-WC500,1,7,confirmed,true
a0d2aff74b0ce00d27829355b68d9a27bbccb770f2c2a73f1393e923ac292ed0,미니셀카봉 블랙,미니셀카봉블랙,QS-QST01M_BK,1,8,confirmed,true
049334b27b8c1e3e51ca3f58d1b3f6f9bb7e09386f81e2be2182532626f671a2,미니셀카봉 화이트,미니셀카봉화이트,QS-QST01M_WH,1,9,confirmed,true
41104dc538d27536a5f4f0ca479d9d96ca91e31476867ecf8d1109b1de7bd0de,QST01M 블랙,qst01m블랙,QS-QST01M_BK,1,10,confirmed,true
386ce3737bda378e677f787bb5330bf83a3e028965ad9caf0a13992d82c665fa,QST01M 화이트,qst01m화이트,QS-QST01M_WH,1,11,confirmed,true
e0176acf27432bbda7a49734426f3379d0a7996c8f61762ecf666b44f3e63d8f,QWS-V7 그린,qwsv7그린,QWS-V7-GR,1,12,confirmed,true
cd8c57cf7388879ae3db61625954f1c5b50776848d628f4158de88b8f88d1894,QWS-V7 핑크,qwsv7핑크,QWS-V7-PK,1,13,confirmed,true
ecb295bc92924735ab8823a18b3850be2a79b6ffae0ce120d54eb30e0ab20330,QWS-V7 블랙,qwsv7블랙,QWS-V7-BK,1,14,confirmed,true
409677196fdbc9fe5065e5294785c06a048236338f59bb41b52bbbb824f8e52b,QWS-V7 화이트,qwsv7화이트,QWS-V7-WH,1,15,confirmed,true
9bfca148f5a4a02fb0a31c86bd308c4ea9fad436e3bf1203fe1771902a9fd858,믹스빈 그린,믹스빈그린,QWS-V7-GR,1,16,confirmed,true
fdab0fb025ea607739e86e458c6aa4c4cce9f5d7d4cebe992df84df176bfb465,믹스빈 핑크,믹스빈핑크,QWS-V7-PK,1,17,confirmed,true
777259bad7cf47188fcb9f52b3c4d9717577e4c9ef31217bbabc230a39b24ee2,믹스빈 블랙,믹스빈블랙,QWS-V7-BK,1,18,confirmed,true
66f001c87330396d0fc0c00ea60fd3b673386b69d9cdba96caae3624fec296e7,믹스빈 화이트,믹스빈화이트,QWS-V7-WH,1,19,confirmed,true
a6da9becf42638e204fa48498d8f2a5f6257c9700ea640d90f2d4f0ef658b7a8,QWC-Q1500 그레이,qwcq1500그레이,QWC-Q1500GR,1,20,confirmed,true
9f9f156354b76229c27ba42008e04715e207914e183c7a1c7957ce69eea42afd,QWC-Q1500 화이트,qwcq1500화이트,QWC-Q1500WH,1,21,confirmed,true
0db6811e2d1434b1e878541a690e5b12b3f93627d1f8122a38fa355914b2e40e,QWC-Q1500 핑크,qwcq1500핑크,QWC-Q1500PK,1,22,confirmed,true
8e1c46f0265ba140f482bce839bd0c1a3c51654039d602ea485a58be760c3c2c,QP5000A 카키,qp5000a카키,[RQM]-QP5000A-KA,1,23,confirmed,true
027f7e57fd4c4e37bd924430cfa04dd2c6aa6a360d1455944fff7a2ad8124198,QP5000A 올리브그린,qp5000a올리브그린,[RQM]-QP5000A-KA,1,24,confirmed,true
cb724e774fd6980e52157d7d0a3a3360233b990c86860440a81ca4ebb554a4d7,QWP1500 블랙,qwp1500블랙,RQM-QWP1500_BK,1,25,confirmed,true
e57e9bdca042d61f35349fcc74963f4c35fafbd5988a5cabe8008df81638befe,QWP1500 화이트,qwp1500화이트,RQM-QWP1500_WH,1,26,confirmed,true
3855e44394a42a964f883d96c27decf6fe6177e1331e9d3f56b5fa15477d25ed,다용도 흡착판 블랙,다용도흡착판블랙,흡착패드-블랙,1,27,confirmed,true
b27e2c5a8659c357bfcb33eccea2597e2b273d885d7343226274d3ecb596ae20,다용도 흡착판 화이트,다용도흡착판화이트,흡착패드-화이트,1,28,confirmed,true
8e0f0ea81c20a09cdd23f62881e4b7723442311254d8ef1011dc2b3c0a70307e,양면흡착패드 블랙,양면흡착패드블랙,흡착패드-블랙,1,29,confirmed,true
fb8bdb2d6084c6731282df48b07dae6531d03846469e31865ec1eafe3e6bdcd7,양면흡착패드 화이트,양면흡착패드화이트,흡착패드-화이트,1,30,confirmed,true
2a57fe2f33a8eb4bae892af888368966376ea21e747f86c9c3c62b3edc06c62a,댕글타프팬 그린,댕글타프팬그린,FAN-QTF100-GR,1,31,confirmed,true
bfa0927c2f12c2873770946012d7d2c348e21b2bc7fbcbe33b8a039a14862180,타프팬 그린,타프팬그린,FAN-QTF100-GR,1,32,confirmed,true
744629c55b2e2159478400875e21a142daa2698b391d3f01cfcfe42866bed472,댕글타프팬 화이트,댕글타프팬화이트,FAN-QTF100-WH,1,33,confirmed,true
663e019f7665f5f41943a71f108fc4f2f90e9eea4527f75cf45e75edcb3c1ac6,타프팬 화이트,타프팬화이트,FAN-QTF100-WH,2,34,confirmed,true
30048903a96f6513cb52fdf2ef3c00044e6612cf1884c2cd8a25521521bcaee1,타프팬 올리브그린,타프팬올리브그린,FAN-QTF100-GR,1,35,confirmed,true
576d8a0641ec6b1f4bfe999875958773b809abe25425847b42626ac3c3e78de0,QTF100 그린,qtf100그린,FAN-QTF100-GR,1,37,confirmed,true
26ed72e8e96b73f4172c8332f6cafe986d684d3b43638879a4c1e068f694e272,QTF100 화이트,qtf100화이트,FAN-QTF100-WH,2,38,confirmed,true
4a188cc3eab7e84b51c6a94188fef2eb6d980559843859d84acd5b654108def2,QTF100 올리브그린,qtf100올리브그린,FAN-QTF100-GR,1,39,confirmed,true
fa0a10680e922e3dd429d1d61bf4131c8cafaeb3879e30eb77ba1285619db194,타프팬 멀티백,타프팬멀티백,MTB100_다용도멀티백,2,41,confirmed,true
8525b4589f02b3b81cb79f19cfa1ac127967a63f96f1cdbacdf37731c2f55188,C타입 롱케이블 3M,c타입롱케이블3m,CBL-L300-CT,4,42,confirmed,true
3a5ac45b4127220320b51f0dbb7118b55a725f571d25335009f5385f10ca8292,멀티 하드 케이스,멀티하드케이스,HARDPOUCH-열도장,2,46,confirmed,true
49e390fc419723b2982a41899be47f04c5ff5b6dcfdd93d960a616286512af89,배송비,배송비,택배운송비,2,48,confirmed,true
1afd8ba852e0dcdb00d0dc75434be0f5bd3ae6a3ce727bb09dd9d6f60ce87c08,QWC-Q3100 그레이(갤럭시 워치전용),qwcq3100그레이갤럭시워치전용,QWC-Q3100S-BK,1,50,confirmed,true
96e6a02f405359d6dd8348b431d209237d629486cd17011de6469d3be57ff80d,QWC-Q3100 화이트(갤럭시 워치전용),qwcq3100화이트갤럭시워치전용,QWC-Q3100S-WH,1,51,confirmed,true
093cbd20f7895c208d8ca04b0e466fcd2730f28e072c0e7ad3e61930f749ffcb,QCL100 올리브그린,qcl100올리브그린,VAUX-QCL100-그린,1,52,confirmed,true
1e2224d0b9c363bf440a3967360cad8e51b02dba546914055debf05b45b01431,QCL100 블랙,qcl100블랙,VAUX-QCL100-블랙,1,53,confirmed,true
d941e2cfb30a8acc2380c3d3c5a50228f0e23a625b6007649720ca43c1f15c24,QCL100 화이트,qcl100화이트,VAUX-QCL100-화이트,1,54,confirmed,true
81ff5e63bd325c5e5254d037efdb4ea4e055f5c7365957e60204e954641f8764,복스랜턴 화이트,복스랜턴화이트,VAUX-QCL100-화이트,1,55,confirmed,true
53e24c2d45a97fb6f58b08ac64bac2db9c7c19026208c47f25651e2f69ff2a52,멀티 하드 케이스 무광,멀티하드케이스무광,HARDPOUCH-열도장,1,56,confirmed,true
ce1e88f9944309b8d1c6bef7f80655e74f9831bef6d9d958ce93c2ddfb8cea8d,랜턴 파우치,랜턴파우치,LANTERN-POUCH,1,57,confirmed,true
251a000ec8702cfc7b69c6416b3c647c48e7aba79d7c05c81fcab2792a11ae70,하드파우치(무광),하드파우치무광,HARDPOUCH-열도장,1,58,confirmed,true
7f256e075a3f70e3dcb3dbd62114ea6d5ed7fb585620d10f075bf377f133f1d1,벨크로타이 1M,벨크로타이1m,Velcro-tie_1M,3,59,confirmed,true
2540162bb348d0db3beb82830386b471722f7274d0ef3adce3de67abc68de1de,벨크로타이 3M,벨크로타이3m,Velcro-tie_3M,1,60,confirmed,true
f5817734aa508625d6137500d27bd915182fffd3f3835805129ab1df831d74c5,1M,1m,Velcro-tie_1M,1,61,confirmed,true
5254a3001a71de06b2d54003458f596c7e3a056cbfaf5e54193db28e7f3a7a59,3M,3m,Velcro-tie_3M,1,62,confirmed,true
a5686e406e90535ca27b5baf48cdcb54c2cbad71592b74fa6d5aff652c03b284,QP5000A 샌드베이지,qp5000a샌드베이지,[RQM]-QP5000A-SB,1,65,confirmed,true
09a9b2a348f121e192395ad93c8b408cc30ccf3a17b9c06d7f8c9034acacf15d,QCL100 베이지,qcl100베이지,VAUX-QCL100-샌드,1,66,confirmed,true
34d3acb701262ec147da8b43b60093509a36494ce0609938f03848ce057e95a6,복스랜턴 베이지,복스랜턴베이지,VAUX-QCL100-샌드,1,67,confirmed,true
32999a6d06b2caf09dfa2d5dd30a70a1914df601cc9192d27ed24aca7f401f75,Q3100 앞판-REQM,q3100앞판reqm,Panel_QWC-Q3100-REQM,1,68,confirmed,true
f227292c4d8c1cc9cd69218330e5041e0b6f8c91ed63458691abc3f554c9e248,Q3100S(갤럭시) 블랙-판촉용,q3100s갤럭시블랙판촉용,QWC-Q3100S-BK_PM,1,69,confirmed,true
a8f40fb9ccb5b8db38648d7c01ec257cb7b6440d2ed787c08ffe7a6ea6dfafc1,QCL100 레드,qcl100레드,VAUX-QCL100-레드,1,70,confirmed,true
7a65b6d79fae732582f335504b26330aac202419d074a85ec6a38ef32962509e,회전형 CC120 K,회전형cc120k,RQM-CC120-CK_RT,2,71,confirmed,true
a0bd647af4d294633e86a55bc2f96c4ab56cf6d05ee3c65b486d8d0308ee90a0,QCL100_샌드,qcl100샌드,VAUX-QCL100-샌드,1,72,confirmed,true
0c33f1f647f4a360f4a0201fb4fe6785042a24f392f6b2e81b32a07ae3530c42,HF100 화이트,hf100화이트,SE-HF100-WH,1,73,confirmed,true
5c1387776acacc23d3049b93ca05e42565a43f9526d5d135ea14a3c599519a14,HF100 핑크,hf100핑크,SE-HF100-PK,1,74,confirmed,true
08a8f98e90a87b74dc1d3224b9b5a9bdb1815ea5d6ee582598c2f726af519c40,HF100 네이비,hf100네이비,SE-HF100-NA,1,75,confirmed,true
35a454798c82d7a58c36a78a7dda855155fe21bc60ce582a382df955711c4318,복스랜턴 블루,복스랜턴블루,VAUX-QCL100-블루,1,76,confirmed,true
82d23314b2e13f5323ac8b77f574e387b35d1815361408f2e74bbe6bf994e7fe,QCL100_블루,qcl100블루,VAUX-QCL100-블루,1,77,confirmed,true
5065acbb9cd5803863f596a78b46f8d07b8b8b59308d30cf8be66521e5e978d0,T2505 블랙,t2505블랙,QWC-T2505-BK,1,78,confirmed,true
2a60f8b9f7115ef4d0f95f369c45083b4996c759c20c29846f3221535da4c81a,와인 에어레이터,와인에어레이터,SE-AE100,2,79,confirmed,true
c0bc2557222e260def6af2cfc359285853211e4c4f7f93549339482ce77130c8,대용량 미니 핸디 선풍기 네이비,대용량미니핸디선풍기네이비,SE-HF100-NA,1,80,confirmed,true
94d80aee10d8a50e698e2e8042fba23826d1f4d32b4eb2eceb22b196b24e4771,대용량 미니 핸디 선풍기 핑크,대용량미니핸디선풍기핑크,SE-HF100-PK,1,81,confirmed,true
cface19caf33d0ec92ecffa96b135b72ee6e4fbc75814d23e29b620b8d5c9820,대용량 미니 핸디 선풍기 화이트,대용량미니핸디선풍기화이트,SE-HF100-WH,1,82,confirmed,true
300a83c16326f09e11a431e76568ffb59ed9a284c4c5dc5755a04eb6304719bb,T2505 화이트,t2505화이트,QWC-T2505-WH,1,83,confirmed,true
9b93acbd17d68f2e9208946e84d28b85b8bd572df5330d3a85246bdf8d03e32d,T2505 매트 화이트,t2505매트화이트,QWC-T2505-WH,1,84,confirmed,true
8f5c5e3d51d672db119851b7652195c7b07cb8aa2cbe4f1d8664ae1e47180a35,T2505 매트 블랙,t2505매트블랙,QWC-T2505-BK,1,85,confirmed,true
83cd7df8f2a191defe7232bb2784c2b9c2216d27b122998655c78bd14b205dc3,넥풍기,넥풍기,FAN-QNF100,1,86,confirmed,true
a98e03eec580dac08c8640f6a44205c313f39eeede924444121f2cd466af7f2c,넥밴드,넥밴드,FAN-QNF100,1,87,confirmed,true
c32a007b56684a3240737915640daa05ee3d336a3ce7ce8942a33c081f2af20f,넥밴드 선풍기,넥밴드선풍기,FAN-QNF100,1,88,confirmed,true
f9d85491e659c8671e9944a304e9e72dacaf993e4fe170ae5a915bc91ded057f,CW500,cw500,QWC-CW500,3,89,confirmed,true
bf94a629257186315f100006dcfa029a7851f18ba1214ae5c840b4cd39deaf24,QTF200 화이트,qtf200화이트,VAUX-QTF200-WH,1,90,confirmed,true
5694462a71231f198bd6835ace4098cb90bbcecb6d934ae94f960553b4540279,QTF200 그레이,qtf200그레이,VAUX-QTF200-GR,1,91,confirmed,true
e82b0512c8065f1e547adfd700e9e1e2affe975a3a23669e2c4e50404607c4c7,VAUX 훈증등,vaux훈증등,VX-M100,1,92,confirmed,true
932f7b94977dded29518f8d3f9b57737dfc45197f13fa4e8e1ee70cf107b663b,미니마실백 베이지,미니마실백베이지,CASE-QP2000A_LT_WBG,1,93,confirmed,true
c46716e93c24a72507eafffb7bcb95ee84de7989e8b15986810c34ec8ed17f0b,미니마실백 스카이블루,미니마실백스카이블루,CASE-QP2000A_LT_WBL,1,94,confirmed,true
d1cfa0ee87cbf4405cbb169255c4cbe3567cf143ca822fac896d54075e5bd08c,QWC-A1500,qwca1500,QWC-A1500A,2,95,confirmed,true
fe74b457d21fcc1cf5708715a5feb82fe2b03abd61a2461792f04bb933dc6c9a,브라우니백,브라우니백,CASE-QP2000A_LT_M,1,96,confirmed,true
7620d0758de3531dd27825f3ddf0d69e0e8d6bcdc21a0c9ce777727789aad75f,리퀴드 액상,리퀴드액상,SOTHING-훈증등액상,2,97,confirmed,true
bebf65f4571ff7795cc3d2dca69e56fefb62cc8719717d5c734a791744ea3bd6,QPD250,qpd250,QC30-QPD250,3,98,confirmed,true
4d8cc12296bffe03be9392d635ec7580248d495ea8b5187189871bfd83c12929,차량용 무선충전기 CW500,차량용무선충전기cw500,QWC-CW500,2,101,confirmed,true
89686a0a3e83f1091185d8d7a1be87ddd87abb86bae603076897476cc6749e88,미니마실백 라벤더,미니마실백라벤더,CASE-QP2000A_LT_WPP,1,102,confirmed,true
34e4dd67fc00450409104fbac9746b0ffbbf9c75ba5bcbaf57506f1fc40c64dc,SP-C200 (보조배터리),spc200보조배터리,SP-C200-WH,1,103,confirmed,true
01b6c1b28471107a1dd9dc4d1094af83206811b433498bf1c54ee653df3aa084,P150 블랙,p150블랙,QWC-P150-BK,1,104,confirmed,true
81e2be84ca45ea505ace99095608706741db21f9fc91d1da4ca7463f072346aa,QCL100 그레이,qcl100그레이,VAUX-QCL100-블루,2,105,confirmed,true
eaf0ee0cd416c668daede7fb51c6459ed322f31fd40218fa60e3f90620b09c7d,신발건조기 화이트,신발건조기화이트,SOTHING-신발건조기-W,1,107,confirmed,true
8129be23067d3d669bdefcda7a5f2f5dc5e53e15c3e681f6348b66df00eb9b79,신발건조기 네이비,신발건조기네이비,SOTHING-신발건조기-N,1,108,confirmed,true
357b1e5163c903f48e59b5c0c07cba9472d877403ccf13549c6455363e6e221d,마실백 라벤더,마실백라벤더,CASE-QP2000A_LT_WPP,1,111,confirmed,true
db6eae2fabf3376c2fc17e638c5ca650afa1c1cda97d3791a685e4b945207f1d,마실백 베이지,마실백베이지,CASE-QP2000A_LT_WBG,1,112,confirmed,true
189ec98cdc2f8c97c0d784eec7451a06f901c2bc932c1c6f3075673660456d3a,마실백 블루,마실백블루,CASE-QP2000A_LT_WBL,1,113,confirmed,true
d69b5e4fa23c16cbd5e129cd36ea3ae1609456bea1db0ac34eb488f175dcc0fb,마실백 화이트,마실백화이트,CASE-QP2000A_LT_WWH,1,114,confirmed,true
52a70f10aea76ac3eb4a7514add5b0f0313f0cba9c5e76dcb858c18425bdc870,핀마이크 싱글 싱글 8핀,핀마이크싱글싱글8핀,SE-PM100A,2,115,confirmed,true
b16152cd9fcfcef15007c057359093a134dc03ee28df493c909bb18b962c9561,핀마이크 싱글 싱글 C타입,핀마이크싱글싱글c타입,SE-PM100C,4,116,confirmed,true
3ec6cfc6db05b3c4c0d68f8ca35f92ad302feb992a65a2b48a5064db2cda7be2,핀마이크 싱글 듀얼 8핀,핀마이크싱글듀얼8핀,SE-PM200A,2,117,confirmed,true
562b193d88772e269a478aca77051585df1904654ce952fae08a7d044e759566,핀마이크 싱글 듀얼 C타입,핀마이크싱글듀얼c타입,SE-PM200C,2,118,confirmed,true
cbd07062e49a9371787ad2abcd58bab0c0691569c31e40b4c7191c4333e79e7c,무선핀마이크 듀얼 C타입,무선핀마이크듀얼c타입,SE-PM200C,2,119,confirmed,true
6803816b17d6bfcf4fdaae79580554c2de9b9eac0d283d95d7378685febf3393,QWC-L5100 애플워치,qwcl5100애플워치,QWC-L5100-A,1,121,confirmed,true
77f2bb2bbe96eaf8c814f544ac60b6def489a61d46797ddc3ab8aa6c1fc1fca3,QM1000S,qm1000s,[RQM]-QM1000SWH-C,1,122,confirmed,true
c6670bf6b86675888cbe7398c301f75e09f4b2c96a9840544f9655cab86bb2da,더스트백,더스트백,CASE-lT-더스트백,1,126,confirmed,true
6bad506e9aa33f3a56a1464824374e188658d854eab928a5e8028a2cc72d565e,qp2000a 베이지,qp2000a베이지,[RQM]-QP2000A-Beige,1,128,confirmed,true
27f13a8564280af1a35880dd99106345af3e815f9a02560af665e36a20640057,qp2000a 그린,qp2000a그린,[RQM]-QP2000A-Green,1,129,confirmed,true
ed6269520079249725bbb3b5d6a83389d79fd6fdfffbf853c039433e988c6897,p150 화이트,p150화이트,QWC-P150-WH,1,130,confirmed,true
4e631e55e2fa39ea82d867db900020a517dd62e63a77fd7c91a1be2d585314cc,qp2000a 포레그린,qp2000a포레그린,[RQM]-QP2000A-Green,1,131,confirmed,true
c265cc0db10e0d9ac4dfc7f6e404a2b394a8cd6b73b5e37db282ff252e1ad522,WS-Big-Blue,wsbigblue,애플워치 스트랩 빅 블루,1,133,confirmed,true
22c38dce7377ff94691452704ad50e21a2d97a31811cae801d45f251c8e82506,WS-Small-Blue,wssmallblue,애플워치 스트랩 스몰 블루,1,134,confirmed,true
fd95842b19a4b4160ba14c09617c8fa28f7074d3530e801e07d047445395b17b,WS-Big-Brown,wsbigbrown,애플워치 스트랩 빅 블루,1,135,conflict,true
6672844b406389e50234751ff6197f37ad8ca740a2434170a40e0f46e519fcb2,WS-Small-Brown,wssmallbrown,애플워치 스트랩 스몰 블루,1,136,conflict,true
ee4281a3cd299ebcef67294b34445e9a8270e42ee3de1cbf80c93d4762051705,WS-Big-Green,wsbiggreen,애플워치 스트랩 빅 그린,1,137,confirmed,true
2d5b0dc4c096272e4513fb3022552acff73633ea27a9f10e2be514a0e65c3052,WS-Small-Green,wssmallgreen,애플워치 스트랩 스몰 그린,1,138,confirmed,true
eacf33c3a67e2a412607ea556465f5f9f4f8990aef39bb284b88b03dd96516cf,WS-Big-Ivory,wsbigivory,애플워치 스트랩 빅 아이보리,1,139,confirmed,true
798a89b2f72b6808b07bc342f76e8497933cca46513de4cfeda3fabedd94215c,WS-Small-Ivory,wssmallivory,애플워치 스트랩 스몰 아이보리,1,140,confirmed,true
a72d12940afa0df9e97bd2cd9c9e0593f23b21e5f74ec46c37eb38add4c33a70,WS-Big-Skygrey,wsbigskygrey,애플워치 스트랩 빅 그레이,1,141,confirmed,true
f3a0d54d4def145e55b537e42cd2b05ff5a07f201b27969570925d223e598972,WS-Small-Skygrey,wssmallskygrey,애플워치 스트랩 스몰 그레이,1,142,confirmed,true
1fc8d7f0417581c20d01f26f8e6ff5d14d87b4e4f8fec8571d2a4765bcd5a4fd,WS-Big-Yellow,wsbigyellow,애플워치 스트랩 빅 옐로우,1,143,confirmed,true
5f8f39d67bdba80d537c4dd03effebebcd95aa04bc71cacf9cba5f5da07f5bd2,WS-Small-Yellow,wssmallyellow,애플워치 스트랩 스몰 옐로우,1,144,confirmed,true
d1065879d159b31d5fb294a7e4ed8d460e7fc3e677eb354e2e9bc7b79228abeb,WS-Big-Brown,wsbigbrown,애플워치 스트랩 빅 탄,1,145,conflict,true
56a71efe9e931f7868873748aa7533508b8c22a0e2c004b3bfa2c52f2d2db55f,WS-Small-Brown,wssmallbrown,애플워치 스트랩 스몰 탄,1,146,conflict,true
f5aab41779689591f9da2ea93d2b7efb6b9212b952cbeb011b80836e6653c989,QWC-L5100 애플워치전용,qwcl5100애플워치전용,QWC-L5100-A,1,147,confirmed,true
73a1095005f96199df6954fef8f3f90d332f2114633d1391b2b50131b4d5a503,QWC-L5100S 갤럭시워치전용,qwcl5100s갤럭시워치전용,QWC-L5100-S,1,148,confirmed,true
bd70e6966e21991448b816780ffc79b2b0a0b66f48031a37e42821f5e4e12b07,실리콘 케이스 - 라벤더,실리콘케이스라벤더,CASE-QP1000A-Lavende,1,150,confirmed,true
9a8e20e83108a9a1166093fd8813d4871d21a00280ea977c419567344d482455,실리콘 케이스 - 샌드,실리콘케이스샌드,CASE-QP1000A-Sand,1,151,confirmed,true
a5008da6f0cf7fb16fa13d3a98655e0fbd21600dbcce21fb52ab7d57616557bc,실리콘 케이스 - 민트,실리콘케이스민트,CASE-QP1000A-Mint,1,152,confirmed,true
70af678121aad2b4aa9d189f4a550d21535929f4bb7597c1a1c0e2cbd7b3aeb8,실리콘 케이스 - 에보니,실리콘케이스에보니,CASE-QP1000A-Ebony,1,153,confirmed,true
4025cddda4a0eea8e15fd08c3e8d2c84b7498ada9d00f78d2df26293e7dabfef,SP-CA50 C타입,spca50c타입,SP-CA50-공용(C타입),1,154,confirmed,true
a32759e0ccd2c9a8b76109d6f02f73dac18dea210c7b425b197916cf05c03936,L5100,l5100,QWC-L5100-A,1,155,confirmed,true
cad148e284455d2079054aa0b54f757977e6ffe20cc0d69dc5714034a4060d48,L5100S,l5100s,QWC-L5100-S,1,156,confirmed,true
caa18092a1efe03c4aeaa5be3d26913cee3f07bf1a14626f2edc9ea84b941e20,L5100 애플,l5100애플,QWC-L5100-A,1,157,confirmed,true
dcb399b0e9fd33702f827b3b1980186417b1537813f5ed316197e0fba24cf307,L5100 삼성,l5100삼성,QWC-L5100-S,1,158,confirmed,true
111ca09d39f92f973c247bb081e74cca0cdf40e61e3765439890800cd262d4c9,L5100 애플워치전용,l5100애플워치전용,QWC-L5100-A,1,159,confirmed,true
00261bbcdc55f780065398053529b3e51c827ac45b98ba4e1de8dfe3ae3f7c01,애플워치 스트랩 빅 블루,애플워치스트랩빅블루,WS-Big-Blue,1,160,conflict,true
8feadfa2a5725d42f3bda65181de79b2e1de958af63d055b6c108e3c21c1f864,애플워치 스트랩 스몰 블루,애플워치스트랩스몰블루,WS-Small-Blue,1,161,conflict,true
2dadd16857307257017b0e438982eb5d4dfede78105cc0b6a4e08c4e4b72d197,애플워치 스트랩 빅 블루,애플워치스트랩빅블루,WS-Big-Brown,1,162,conflict,true
7e0b22cc7b232c810061b22d472a0d7de91bf9bfddb9c717f9806aaefd5f903e,애플워치 스트랩 스몰 블루,애플워치스트랩스몰블루,WS-Small-Brown,1,163,conflict,true
3184b8227208976ac40533892bd0d37fbdf22155b62c6b8086c7ed87876fd890,애플워치스트랩 뱀부/그린 L,애플워치스트랩뱀부그린l,WS-Big-Green,1,164,confirmed,true
13b8e5e97c76fc95e8f6ad06fbf763d604aeb5c822e33afa69a23c9023c13d10,애플워치스트랩 뱀부/그린 S,애플워치스트랩뱀부그린s,WS-Small-Green,1,165,confirmed,true
accd72ffddbe219a3f7acfe35613b0a0df58d1201dec22a139f6710eb0e7529f,애플워치스트랩 아이보리 L,애플워치스트랩아이보리l,WS-Big-Ivory,1,166,confirmed,true
d0f99c340c97a3d8c53193c2869587a3028a4f248bccf0888b76ace278c2ce39,애플워치스트랩 아이보리 S,애플워치스트랩아이보리s,WS-Small-Ivory,1,167,confirmed,true
10bdd8e1d915bd898e08fefa6b09d6c97348e499b806c4fde22496b226aaa387,애플워치 스트랩 빅 그레이,애플워치스트랩빅그레이,WS-Big-Skygrey,1,168,confirmed,true
5500f99058728da3a0d0965e774da25f42c7a40b72f6d8b7eceee98c9406ced1,애플워치 스트랩 스몰 그레이,애플워치스트랩스몰그레이,WS-Small-Skygrey,1,169,confirmed,true
115355ee94c7299c08d113d85e498b8b977b339675c39997c4522abcaae43a64,애플워치 스트랩 빅 옐로우,애플워치스트랩빅옐로우,WS-Big-Yellow,1,170,confirmed,true
2b85c0d7d736da5fcc8c4b4104d0825a2272324e21e7e3824983ebdcaff3bbfd,애플워치 스트랩 스몰 옐로우,애플워치스트랩스몰옐로우,WS-Small-Yellow,1,171,confirmed,true
9ec95766bc135f7cbed2021ebeb8cb53e9e42fb6863d7e9481370acca7c36f1d,애플워치스트랩 브라운/탄 L,애플워치스트랩브라운탄l,WS-Big-Brown,1,172,confirmed,true
df6349f4d1469314f35eb3f8ebcdede2cf90d8200c160828e0b58f5b4b7a20de,애플워치 스트랩 스몰 탄,애플워치스트랩스몰탄,WS-Small-Brown,1,173,confirmed,true
bf3e76178141b5b11c7d60898526ab4bd6218c8d33d54df51436fc9e3a080dbe,워치스트랩 브라운(탄)L,워치스트랩브라운탄l,WS-Big-Brown,1,175,confirmed,true
3dbf7e73024be6ba963586e51757940eb97157430d0f1259b1d5bf116615062c,워치스트랩 아이보리L,워치스트랩아이보리l,WS-Big-Ivory,1,176,confirmed,true
a14a1dfbd08cc7a122819bd1e8efb4b0e4cf7ed0181de64cdb7ff231f788d56f,워치스트랩 아이보리S,워치스트랩아이보리s,WS-Small-Ivory,1,177,confirmed,true
657d7e57251321cc7c198909da83cbda8b060d30c952628024a4fc3920dad442,QP1000C 핑크,qp1000c핑크,[RQM]-QP1000C1-PK,2,179,confirmed,true
9327c914d756bd29a249c9f2249916086822edc7272ebfc8dfe7e076960e6b2f,QP1000C 화이트,qp1000c화이트,[RQM]-QP1000C1-WH,2,180,confirmed,true
829161f02771582a6d28101f6fad71924bb60068279fbf98922aa971c7d5d7f3,QP1000C 블랙,qp1000c블랙,[RQM]-QP1000C1-BK,2,181,confirmed,true
61d39e03b76297caf56dbc2fc51d9ae25e2e672cf628f30e984adecef5f961ea,워치스트랩 옐로우s,워치스트랩옐로우s,WS-Small-Yellow,1,182,confirmed,true
4ccd792917a763a80aa0605a3f337247db80751a26cdcf6da8b9ad1f60511017,와인 에어레이터 건전지,와인에어레이터건전지,00094,1,184,confirmed,true
b00c75b33072df254b784dcd050e62f123c252c7672c6d2de00875804422a062,여행용어댑터- 블랙,여행용어댑터블랙,PD35W_5PORT_BK,1,185,confirmed,true
d12d1cfe5040f29f7aea5ace5256b62b1712ec0845bd633d5322f28dfb55974b,QS1500 파스텔 그린,qs1500파스텔그린,QWC-QS1500-GR,1,186,confirmed,true
58ced26f141ba04f283971ab3a10d60a3986cd0b2302c9b59434ec00db258e7b,S150 화이트,s150화이트,SW-S150-WH,1,187,confirmed,true
6541e5a6c1d93f340ed79a14877e4898007ab1dd16471a6a85bec2173ace428e,여행용어댑터- 화이트,여행용어댑터화이트,PD35W_5PORT_WH,1,190,confirmed,true
f83896d609f227f6d90f0209d1962678de3222afadf9ed7cd93bfc83a203630c,QP1000A 블랙,qp1000a블랙,[RQM]-QP1000A1-BK,1,191,confirmed,true
e95423a308080e8fc16102207f320eef71fbf8572c9b2f4322822153d59d5135,QP1000A 화이트,qp1000a화이트,[RQM]-QP1000A1-WH,1,192,confirmed,true
77deb0c5ff7eb5b1e1229b66fa34fd66e00d5e59527ab1f7654b9d1e63cb7f9e,스티커 2컬러 SET,스티커2컬러set,gooutsticker_001,1,193,confirmed,true
2b492d0999f583b234fde1dd918d820b16ee64a78e5d053f647dbb215ae6eb05,스티커 2컬러 SET 2,스티커2컬러set2,gooutsticker_002,1,194,confirmed,true
68c297684f1ac363c73993cd25e21e77e90b6f52254ee431fd082ca4c1b2d96e,CC100K,cc100k,RQM-CC100-CK,1,195,confirmed,true
e0bb68f1c835c899f81c37a14f0f9ca5c2e4a48b970f4978d0e53f1bfdb4ca2e,CC120K,cc120k,RQM-CC120-CK_RT,1,196,confirmed,true
71e8ae539f19b1138e11d3ab82f0a489ae585fcf68adaca6cfe3429125927eed,CC100S,cc100s,RQM-CC100-CS,1,197,confirmed,true
f619dbfe3754c88bb19fe75b987cfe4efb5a1b4a11dc9fff95aa20dde73dec5f,SP-AC50 8핀,spac508핀,SP-AC50-공용(8핀),1,198,confirmed,true
a446959a5d24da2b9d8162234837a9ad1bbd95aa55d276c5dc8948c8fbf83525,QP1000A 파우치,qp1000a파우치,QP1000A-POUCH,1,199,confirmed,true
87c96665b49e23adbe3371c7f8d2e8e88686a059dd36384849a08380d3062bdf,QP1000A 전용 하드파우치,qp1000a전용하드파우치,QP1000A-POUCH,2,200,confirmed,true
5cae938a0b9af7e6c80e2062184b7d90001636915af406b2685e2586c028882a,QP1000A 미니전용파우치,qp1000a미니전용파우치,QP1000A-POUCH,1,201,confirmed,true
14bb014e06c1fdb78a772f747d2449ddffe322e356c2a1dd876b650113a54628,``,__invalid_row_203,SP-HW920-올리브-일반,1,203,review,true
ab01e07652490a6e908421db91b9032f2a482f479f35acd805f190fcdd5521d4,SP-HW920 파스텔핑크,sphw920파스텔핑크,SP-HW920-핑크-일반,1,204,confirmed,true
8612cd55cfb1d5e545bee3898d0ae6b67c96a6796c36abe8a9560c9e733523c2,HW920 올리브그린,hw920올리브그린,SP-HW920-올리브-일반,1,205,confirmed,true
7db2d160cc79fb72c2a8f3818a75fd461b29ca9099ce624a2998cc4bb245d854,HW920 파스텔핑크,hw920파스텔핑크,SP-HW920-핑크-일반,1,206,confirmed,true
c8c42f584e939532157eafb38966366d0f2013a51f4da95c11e924ca33c3f6ee,요히봉,요히봉,17인치합금삼단봉,1,208,confirmed,true
b6c1494e6b233ce7d92a8393438c173029fc3919b0d9dae01d2430df791fb474,SP-HW920 졸리트리포장지,sphw920졸리트리포장지,선물포장,1,210,confirmed,true
1c0467cc065935148a676fe7c6ab0023cd112142559bfaa1e80aa376aee3b66b,SP-HW920 홀리트리포장지,sphw920홀리트리포장지,선물포장,1,211,confirmed,true
04de6b86e8e1542686ed6e2269509bd42679dfa1b0e8f27d2d6f499eae686e63,졸리트리포장지,졸리트리포장지,선물포장,1,212,confirmed,true
94b183572909362d325e1f839097819866e67d2561720e1e41f79aad43fa3144,홀리트리포장지,홀리트리포장지,선물포장,1,213,confirmed,true
1c390e12ca3937fd2e6a2854f1d73448abbe633ae0cea9fc222643cc579aa6e9,SP-HW920 올리브그린+포장X,sphw920올리브그린포장x,SP-HW920-올리브-일반,1,216,confirmed,true
1d88b6072d518707abe6c75ee3955a4e075a9cf70f3c2bbc5b28a42bc0a8bcc5,SP-HW920 올리브그린+홀리포장지,sphw920올리브그린홀리포장지,SP-HW920-올리브-일반,1,217,confirmed,true
ac419a89a38c1aa6dbe29f08acbfadd8bad4ea6bd745f628c15641e965da7fc7,SP-HW920 파스텔핑크+포장X,sphw920파스텔핑크포장x,SP-HW920-핑크-일반,1,219,confirmed,true
7af6a651c05a2cc99796d5b8dee4124f7092b7d47a686f96436db85ba01d3384,SP-HW920 파스텔핑크+졸리포장지,sphw920파스텔핑크졸리포장지,SP-HW920-핑크-일반,1,220,confirmed,true
2de8d5a4543033d8a3b7f26ef16353b60b961bc0d56116a4821de101e8f0e10e,QWC-Q3100 화이트(갤럭시 워치2~4전용),qwcq3100화이트갤럭시워치24전용,QWC-Q3100S-WH,1,222,confirmed,true
34721db758c89cb1aa61ed08b41744c4c96bf4a4606c62652650e6537d305b0e,QWC-Q3100 화이트(갤럭시 워치5전용),qwcq3100화이트갤럭시워치5전용,QWC-Q3100S-WH,1,223,confirmed,true
b5c25f9e697906252e4dfb85502edb98453eea63a75dc2cd6f3f7e1495f76cb7,일체형 미니 보조배터리 8핀,일체형미니보조배터리8핀,SP-일체형8핀,1,230,confirmed,true
e7b9682666dedac236b2017b472e4d2f6d6c1956b9f87ac70090fb16020a47c0,일체형 미니 보조배터리 C타입,일체형미니보조배터리c타입,SP-C타입일체형,1,231,confirmed,true
30f2fd4e967467e48ea20797655741220348989d2b56405a6ca602b01488d27a,실리콘케이블8핀,실리콘케이블8핀,RQM-MFICA150-CS,2,233,confirmed,true
c03dcb0e38f6e1e8304e2b401847593d6ca6d646abfed4ab633fbd3dd2def5e3,실리콘케이블 8핀 화이트,실리콘케이블8핀화이트,RQM-MFICA150-CS,1,234,confirmed,true
4c988b8da732042e94baeb8ecded27fe01703de9d21f1bfa66d35db7c67dcdef,QPD250 블루,qpd250블루,QC30-QPD250-BL,1,235,confirmed,true
f96c9b249039d92c78ebae7b3f4e993a3168b75888dd9cd717a4c610dca3f29b,QPD250 핑크,qpd250핑크,QC30-QPD250-PK,1,236,confirmed,true
5d9141d58a5dc265de7647bb2a3a51b74546c74e9ecdefe5e458c4ec215762cd,QPD250 화이트,qpd250화이트,QC30-QPD250,1,237,confirmed,true
2993ec665a3ec297e79f2f094d77837a3e085bc8cd73f1d6bd4f0c296e0e60e0,맥세이프케이스 아이폰14,맥세이프케이스아이폰14,CASE-QCM-I14,1,239,confirmed,true
8712870147f55c064062fce9cc062b1e41f54af71d0c571ada5990b3ba3ac2f0,맥세이프케이스 아이폰14 프로,맥세이프케이스아이폰14프로,CASE-QCM-I14P,1,240,confirmed,true
714c31ef9799d1639883b89634c84e5029f0b8167418679dd75e5d33bd2c4a26,맥세이프케이스 아이폰14 프로맥스,맥세이프케이스아이폰14프로맥스,CASE-QCM-I14PM,1,241,confirmed,true
f8e61e4d8ce3ef32349f566af6ab2e52e4fe702c33a8f5277670f50694ec9863,T120F,t120f,CBL-T120F-3in1,1,243,confirmed,true
6231b96bbb5a789d35cbf896986ed4b23e14556eb5d062a199470815129b5b10,3IN1 케이블 T120F,3in1케이블t120f,CBL-T120F-3in1,1,244,confirmed,true
379c0c953f21f8ce36ffcf485617058bfd12d0acc7ed6961e1cff027cebeeb8c,Q3100S 그레이(갤럭시워치전용),q3100s그레이갤럭시워치전용,QWC-Q3100S-BK,1,245,confirmed,true
73760d3fb004e1e2227ab7d37a7c747792a2f97f617e0ffa1e585b01c000dc76,Q3100S 화이트(갤럭시워치전용),q3100s화이트갤럭시워치전용,QWC-Q3100S-WH,1,246,confirmed,true
0d02e3d3c87a03d39e12ec792c2b79b224ae102d2d43bff20ffe032416f0953a,Q3100 화이트(애플워치전용),q3100화이트애플워치전용,QWC-Q3100-WH,1,248,confirmed,true
cdfc902314cfa15a6ae620eacc431a78db000e914dfe69e7466bb379851c54d8,Q3100 그레이(애플워치전용),q3100그레이애플워치전용,QWC-Q3100-BK,1,249,confirmed,true
c6192a9171256e6d4daebbfef696c21e720ac049222813f43cf748d9ca562d60,CC100 K Class,cc100kclass,RQM-CC100-CK,1,252,confirmed,true
1071eb1c96bb915f47bc0c6740748667f151c4ed457881506327d5ec196d1fe9,QP1000A 블루,qp1000a블루,[RQM]-QP1000A1-BL,1,255,confirmed,true
5b4724000dbcce63ca06d95b842c864e4e1ff19a74387bc805205b0330b887e5,QP1000A 핑크,qp1000a핑크,[RQM]-QP1000A1-PK,1,256,confirmed,true
e0067584c8d54b5a2afe1ba14d59d9ca567163b73ef17a9e2525193595ae44e3,CC150K 핑크,cc150k핑크,RQM-CC150-CK-PK,1,259,confirmed,true
409aedea9175cc4201c65323aca3d19559294ddd85f99f149115f225d09c6972,CC150K 블루,cc150k블루,RQM-CC150-CK-BL,1,260,confirmed,true
e71b7892a2a00292ef6b97d338ddb7ce50ea60e49e9884ae85cd6b938a637ec9,소문일체형 - 고속 C타입,소문일체형고속c타입,SP-C20W일체형,1,261,confirmed,true
eadb466cd7c420584715b8f8832debdecc1be66aa502be890078ff092c1ef9dc,일체형 보조배터리 - 고속 8핀,일체형보조배터리고속8핀,SP-A20W일체형,1,262,confirmed,true
4d939f1a849744e4858848c48153c3f7794db09534798f686b1a2449273adeea,일체형 보조배터리 - 고속 C타입,일체형보조배터리고속c타입,SP-C20W일체형,1,263,confirmed,true
141ec4e1a3aefe657bd4b1d59ec6ef568e5221bcc4941db607d3fb9ca4120533,소문일체형 - 고속 8핀,소문일체형고속8핀,SP-A20W일체형,1,264,confirmed,true
e2fb18ccc59fcb925ed54a1adcf7100029b6080afb2d113edf8af5326c9b2ec8,복스랜턴 올리브그린,복스랜턴올리브그린,VAUX-QCL100-그린,1,266,confirmed,true
b5e848171bddc6ec048706d8372817dea8ad6ade03d49b011540a527da535765,소문 블루투스 마이크,소문블루투스마이크,SB-M100,1,267,confirmed,true
a3ef903d61030e1e407d18ad76959ea37ea81ff64a3eefaa12763b307510cdd9,소문 블루투스 마이크 스펀지,소문블루투스마이크스펀지,SB-M100-스펀지,1,268,confirmed,true
e8a7d9ae20c1270241d69c3dfb31922da605ac9692705a44b4e0db7fef05dad0,QWC-QS1500 파스텔 블루,qwcqs1500파스텔블루,QWC-QS1500-BL,1,269,confirmed,true
04db22e0cbd6f9014021b52ac3779c5665e06eb06ceb48948aa5c6b41294a841,QWC-QS1500 파스텔 핑크,qwcqs1500파스텔핑크,QWC-QS1500-PK,1,270,confirmed,true
6234100bfb42117bc0f2c1089c30e64defeffa87c5f6dc748a9a1f294155e66a,QS1500 파스텔블루,qs1500파스텔블루,QWC-QS1500-BL,3,271,confirmed,true
97f68dd116da41cef27358f9f78296a2ec846b08d1b53c01e3153ff4cec7924e,QS1500 파스텔핑크,qs1500파스텔핑크,QWC-QS1500-PK,3,272,confirmed,true
4db8c7b60aedcf7bdac6c74c0a76d865d7ff66ab0cfa9483ea56c28b8ac22bf5,Q1500 핑크,q1500핑크,QWC-Q1500PK,1,274,confirmed,true
cff53503f8e8fb3bdc25b66f3f71a73700969275d144e922841277b55e534295,Q1500 그레이,q1500그레이,QWC-Q1500GR,1,275,confirmed,true
4a2f304d80ab94513822e3fbf947301381676c50a744cde49ac74130fa4b34e2,Q1500 화이트,q1500화이트,QWC-Q1500WH,1,276,confirmed,true
3869cc4464551dd7b31be57d74d65c58df9f4f2f5b0634bc0701c106156cb2c3,SOMEONE_핑크 (포장지확인),someone핑크포장지확인,SET-SOMEONE-PINK,1,277,confirmed,true
0d9f512bcc9afbe682ff6a2d851ee185d0dc8bd8f99562979c01682f13c8b931,SOMEONE_블루 (포장지확인),someone블루포장지확인,SET-SOMEONE-BLUE,1,278,confirmed,true
cecefab027b4bd1eab47f9a2254a0a58996bb6c2fe29fe81f453c72fd1b891a7,SOMEONE_블루,someone블루,SET-SOMEONE-BLUE,1,279,confirmed,true
dbfbe49a1230f2f3fde6fddf9934d84a54f5d8945608337bcadfb6e0ec5ba65b,SOMEONE_핑크,someone핑크,SET-SOMEONE-PINK,2,280,confirmed,true
477afe3e3fd7a7dcb79220c9a4a06a1a703b600f90f8e7879e2c35e36a92457d,SOMEONE 선물세트 블루,someone선물세트블루,SET-SOMEONE-BLUE,1,281,confirmed,true
50ca998decaf5696fdc43896a49f349085d8ab128daa1d25f1a8aabb6201aca9,SOMEONE 선물세트 블루-드로잉 포장,someone선물세트블루드로잉포장,SET-SOMEONE-BLUE,1,282,confirmed,true
69714ec543756c265f91e6ca4537a37bea14973a957344c5824a230cadc2dc26,SOMEONE 선물세트 블루-플라워 포장,someone선물세트블루플라워포장,SET-SOMEONE-BLUE,1,283,confirmed,true
7ea98afe095d86cf5e0aac0a050d59afe81b4426cebc4144b9f426d973002457,SOMEONE 선물세트 핑크,someone선물세트핑크,SET-SOMEONE-PINK,1,284,confirmed,true
5453048e088e4cc78317d533be247a7fa5d43e11407ef44a5b8b413a246438c2,SOMEONE 선물세트 핑크-드로잉 포장,someone선물세트핑크드로잉포장,SET-SOMEONE-PINK,1,285,confirmed,true
90cc1e7e7a74d0e1c3cac653bee2f792aabf6b871507a23a302f5b99fdbd7566,SOMEONE 선물세트 핑크-플라워 포장,someone선물세트핑크플라워포장,SET-SOMEONE-PINK,1,286,confirmed,true
941d68b7eb48110577d17675ed907dd2fc418cf0eb70e7a54a6c670c5c381475,Q3100S(갤럭시워치용) 그레이,q3100s갤럭시워치용그레이,QWC-Q3100S-BK,1,287,confirmed,true
fa41f947a01b33db46d418d5f9ddc99292273d0b3a9fa91e437451c196ce4701,Q3100S(갤럭시워치용) 화이트,q3100s갤럭시워치용화이트,QWC-Q3100S-WH,1,288,confirmed,true
d8a39453ce5d6dab9126c0084987922e86375364332dbcbce387fc748414230f,타포린 파우치 블랙,타포린파우치블랙,POUCH-Tarpaulin-BK,2,289,confirmed,true
104786a1737649fb3dac8ff8cc403564fe1b63cf4fb1160b2626ebc24ee564a2,타포린 파우치 블루,타포린파우치블루,POUCH-Tarpaulin-BLUE,2,290,confirmed,true
6b97126685ef66a11c2757cac0107329d38e3a23bf90919fdfedf8f542908a0f,타포린 파우치 레드,타포린파우치레드,POUCH-Tarpaulin-RED,2,291,confirmed,true
a4b7bd349fe13df358f2477d98a64e593bfee3fdc9bd6c43af9139cb2d2f915c,타포린 파우치 옐로우,타포린파우치옐로우,POUCH-Tarpaulin-YL,2,292,confirmed,true
218eeb50f97087bba6577349007d97edab191abdfc76a66c21807ca6b160e7ad,타포린 파우치 화이트,타포린파우치화이트,POUCH-Tarpaulin-WH,2,293,confirmed,true
cee2c0015bf395711d02720cc2ef535993b07067503fab042b25f86d584c0aa5,QP10B,qp10b,[REQM]-QP10B,1,300,confirmed,true
cc18d56ba5880c019344d957f9716824aa9a4820dcaec7a6061c14ca90a461b1,QP20B,qp20b,[REQM]-QP20B,1,301,confirmed,true
bba860ccb67428a72289373447cfffd02737c557534d6cfce27b2bd6b5061645,QP1000A 전용 파우치,qp1000a전용파우치,QP1000A-POUCH,1,302,confirmed,true
b918609625e04cceb4164abea8848d0049cc4211d4a177f85fa11ed868b87d7c,QC3000,qc3000,TC-QC30-CTWH,1,303,confirmed,true
7bd0805a1027ca61412827991cddc45d18e5b98926eab2ceb8aebdd02ea48f1b,멀티 하드 파우치,멀티하드파우치,HARDPOUCH-열도장,1,308,confirmed,true
fe857b95adb3e85f6abdf628c89aa73f3da2d22372223acd12ca92f573d848b2,소문 일체형 - 보통 8핀,소문일체형보통8핀,SP-일체형8핀,1,309,confirmed,true
901d04cfaa0b42ea926d3794bd365b2eba944f1f42ce47b7f69d88a215b42dc0,소문 일체형 - 보통 C타입,소문일체형보통c타입,SP-C타입일체형,1,310,confirmed,true
77b816bcdad578f5abd0304e316e890a26f3c19dc0e6af65f9f0df2abd1819e1,무선핀마이크 싱글 C타입,무선핀마이크싱글c타입,SE-PM100C,1,312,confirmed,true
4325448a32aed91f4a2a83cfa48dbfa41e7718bca384a058a8a4d49a5ca9e528,무선핀마이크 싱글 8핀,무선핀마이크싱글8핀,SE-PM100a,1,313,confirmed,true
10627adf672560c37b6ac31d3e0ca668c39f3650e925115b339896c099e62b00,CASE-QP2000C-Green,caseqp2000cgreen,CASE-QP2000C-Green,1,314,confirmed,true
57909721bcffab207465ab78acdf1158c9e08e90c2217333c06ff192d5cee466,소문 블루투스마이크 단품,소문블루투스마이크단품,SB-M100,1,315,confirmed,true
4ebaf98672ff1139ee42d18bbb2074488a42da23526367d2527b9fd5b3ece3df,QMA-SilRing_SA,qmasilringsa,QMA-SilRing_SA,1,316,confirmed,true
235c22f7c42190ad3eb28be0441339839b62a141d9d87626a9dac63b298bd7f1,ACONE-Sliconpad_SA,aconesliconpadsa,ACONE-Sliconpad_SA,1,317,confirmed,true
47ea7d09b5d3d2545dbf88f1f9ffebc33258abd1d42b097f5eef528a27d49957,L5100S 갤럭시워치전용,l5100s갤럭시워치전용,QWC-L5100-S,1,318,confirmed,true
4ca16cc6b86fdcbb06983f62a4a8974b71556020c5d497a593b90a637d9b30b8,복스랜턴 블랙,복스랜턴블랙,VAUX-QCL100-블랙,1,320,confirmed,true
636b916bedfcea7c50fbb6599a63d0c503d9ae8aa0fc8ab9905fcc9ad14ab675,워치스트랩 뱀부S,워치스트랩뱀부s,WS-Small-Green,1,322,confirmed,true
c054320acf8f4e9bbef2960727489990d5833c00cb46398d11cfd6e657b871fc,QP1000C 블루,qp1000c블루,[RQM]-QP1000C1-BL,1,326,confirmed,true
e3dcfc29165a4003f92e5f5900b6b628ac93a70b75e3f537ff8bcaee916d86c1,QP1000C 코발트블루,qp1000c코발트블루,QP1000C1-CobaltBlue,1,329,confirmed,true
9e63206a7cc07006c76c5c88ee958ef3f6bab607f121f1653d280f203b6d00d3,QP1000C 버터,qp1000c버터,QP1000C1-Butter,1,330,confirmed,true
5417f3a480c6f16e1dbe46167532c41927f82f52609b5ed7f5456244fe62c11f,QP1000C 캐롯,qp1000c캐롯,QP1000C1-Carrot,1,331,confirmed,true
f91362b145dfd6940179f37838dd0292b3fb7f7b5feae7d9368ba8d4d1a9c0ef,QP1000C 네온그린,qp1000c네온그린,QP1000C1-NeonGreen,1,332,confirmed,true
c4786fade8b675bb3c08769b4c1e1e12ca31283553bb677bd20001858d7381ca,QP2000C 화이트,qp2000c화이트,[RQM]-QP2000C1-WH,1,334,confirmed,true
722215b168673ba9b2255ba22f6c23d7592a0d2a2fa1f163ad98a92512cfcb41,QP2000C 베이지,qp2000c베이지,[RQM]-QP2000C1-Beige,1,335,confirmed,true
bc10896038e4968890d98379e9f1f2654bbb1773df8dd5617671aee6192fa05f,QP2000C 포레그린,qp2000c포레그린,[RQM]-QP2000C1-Green,1,336,confirmed,true
5ffa64dffed335c40644e706f7817feed7bd40039e51d5708cc3114f3300251d,QP2000C 블랙,qp2000c블랙,[RQM]-QP2000C1-BK,1,337,confirmed,true
bc0d6acc15fc1463ab7be40c3fa7e586143cc65631699f2222ddb55b2ae32b27,QP2000C 실리콘케이스 기본형 - 민트,qp2000c실리콘케이스기본형민트,CASE-QP2000C-Mint,1,340,confirmed,true
6caa628355c57d2d62f149d9688158322ad88f4fc48c087c4b4c6d9511756cf0,QP2000C 실리콘케이스 기본형 - 샌드,qp2000c실리콘케이스기본형샌드,CASE-QP2000C-Sand,1,341,confirmed,true
a928d524b61f76bc39d409567dc9e9cbb0b09f90a2165b90d7238168f1805237,QP2000C 실리콘케이스 기본형 - 에보니,qp2000c실리콘케이스기본형에보니,CASE-QP2000C-Ebony,1,342,confirmed,true
7d21a4891bbae040e331fc3bec39e6a9f512897d48f5ace134584c9c4a1ef907,QP2000C 실리콘케이스 기본형 - 라벤더,qp2000c실리콘케이스기본형라벤더,CASE-QP2000C-Lavende,1,343,confirmed,true
4dc388c16890f139048be2f615826f3a4beb61467b33ba3f384d4603e15de410,QP2000C 실리콘케이스 기본형 - 클라우드,qp2000c실리콘케이스기본형클라우드,CASE-QP2000C-Cloud,1,344,confirmed,true
ce2900c3010c3586e77ad197cccaa8bfaee0c63c6ad4d6d6132154ea5ccfef7f,QP2000C 실리콘케이스 기본형 - 레드,qp2000c실리콘케이스기본형레드,CASE-QP2000C-Red,1,345,confirmed,true
424dae9b81664a25c5a2b47a73e1c33311fce51a15670f491b8c7469c0038ad6,QP2000C 실리콘케이스 기본형 - 블루,qp2000c실리콘케이스기본형블루,CASE-QP2000C-Blue,1,346,confirmed,true
3801b7498de953a9a3cadf1a44da7a81807687d3aca1d0e01a3e7f37ef79468a,QP2000C 실리콘케이스 기본형 - 그린,qp2000c실리콘케이스기본형그린,CASE-QP2000C-Green,1,347,confirmed,true
18d607acf58248ea960468a598fa25ff73c5531d18953a028959d9dfa80ddf23,QP2000C 실리콘케이스 기본형 - 옐로우,qp2000c실리콘케이스기본형옐로우,CASE-QP2000C-Yellow,1,348,confirmed,true
cb03405b5212cb871297914b3214a3978498387d0cfef11d0054b93ed190fa16,QP2000C 실리콘케이스 기본형 - 퍼플,qp2000c실리콘케이스기본형퍼플,CASE-QP2000C-purple,1,349,confirmed,true
f3bc45d2ff738916509eafe710ac0149d214782ab1fe27dd283a140ba0180792,QP2000C 실리콘케이스 기본형 - 핑크,qp2000c실리콘케이스기본형핑크,CASE-QP2000C-PINK,1,350,confirmed,true
29b771f5b584a092ebede7e12396f99d3c08ce634d3f83b1d15f9cd908af9309,QP1000C 실리콘케이스 핸디형 - 민트,qp1000c실리콘케이스핸디형민트,CASE-QP1000C-Hand-Mi,1,352,confirmed,true
2f6913ea3d50a83ef4bada3ba98e78f366d15085d956a468f5628a9473fdd8af,QP1000C 실리콘케이스 핸디형 - 샌드,qp1000c실리콘케이스핸디형샌드,CASE-QP1000C-Hand-Sa,1,353,confirmed,true
30c92d40817df16453d0132ebc81b90208c721f0eabe623ce2c2ace2734e7610,QP1000C 실리콘케이스 핸디형 - 에보니,qp1000c실리콘케이스핸디형에보니,CASE-QP1000C-Hand-Eb,1,354,confirmed,true
30170e5915a22a67cd02b3240da8d061de086cd820fd092e087faf7ea6465efd,QP1000C 실리콘케이스 핸디형 - 라벤더,qp1000c실리콘케이스핸디형라벤더,CASE-QP1000C-Hand-La,1,355,confirmed,true
12c7f194bd62db11afcc415065be25b1e252992233e2e010a1cd196ea4123f9c,QP1000C 실리콘케이스 핸디형 - 클라우드,qp1000c실리콘케이스핸디형클라우드,CASE-QP1000C-Hand-Cl,1,356,confirmed,true
1c6556d6d8ee88819964c62bfd76bbee755cd92e1b375de6dc12b080db23810c,QP1000C 실리콘케이스 핸디형 - 레드,qp1000c실리콘케이스핸디형레드,CASE-QP1000C-Hand-Re,1,357,confirmed,true
b34a14c434f15c350b0b0f9f8a2bd4965a96ea2b147a0e5f7429f1d2300a5f2a,QP1000C 실리콘케이스 핸디형 - 블루,qp1000c실리콘케이스핸디형블루,CASE-QP1000C-Hand-Bl,1,358,confirmed,true
12e2759c977d0f2d5048aa7f0e59f984094e39cb2547471f03f00611f05ab64b,QP1000C 실리콘케이스 핸디형 - 그린,qp1000c실리콘케이스핸디형그린,CASE-QP1000C-Hand-Gr,1,359,confirmed,true
f1dd78c9d29d921e25c5c1cf6f16eda3c4264f1c67e1861704fa276679d8e58f,QP1000C 실리콘케이스 핸디형 - 옐로우,qp1000c실리콘케이스핸디형옐로우,CASE-QP1000C-Hand-Ye,1,360,confirmed,true
95235636c23ba91b44bfe5ec0c4ccfffaf8efd889992974cbf811fba2c93a453,QP1000C 실리콘케이스 핸디형 - 퍼플,qp1000c실리콘케이스핸디형퍼플,CASE-QP1000C-Hand-Pu,1,361,confirmed,true
5d4c200c59b87633a91e0a106558bba382b41dd568f2d37fe7c9f35211ed3e44,QP1000C 실리콘케이스 핸디형_핑크,qp1000c실리콘케이스핸디형핑크,CASE-QP1000C-Hand-PK,1,362,confirmed,true
e9a8dfe32c32cf05a506374d3e2529750a5bd96ac0ecd309370b8a5ee98273e5,QP1000C 실리콘케이스 기본형 - 민트,qp1000c실리콘케이스기본형민트,CASE-QP1000A-Mint,1,364,confirmed,true
f20c9e15a34f6a0d3b92db46cf82ef4c4d9c10962a2156b5092fd085a905029a,QP1000C 실리콘케이스 기본형 - 샌드,qp1000c실리콘케이스기본형샌드,CASE-QP1000A-Sand,1,365,confirmed,true
e2feda69b8413158eadd41429ee8a9f30e18fb90af97f7db010dd6e8402fda98,QP1000C 실리콘케이스 기본형 - 에보니,qp1000c실리콘케이스기본형에보니,CASE-QP1000A-Ebony,1,366,confirmed,true
faa668f015c523885c304ba7d723eb8907e14bb049b90e31c6f4c81461f0b484,QP1000C 실리콘케이스 기본형 - 라벤더,qp1000c실리콘케이스기본형라벤더,CASE-QP1000A-Lavende,1,367,confirmed,true
98e733865ec8687cb55b76ec316e6b7d903e486937055aba919bf9d2bbdabbf3,QP2000C 실리콘케이스 핸디형_민트,qp2000c실리콘케이스핸디형민트,CASE-QP2000C_Hand_Mi,1,369,confirmed,true
8933d3d93cf39e097f1a20bbd5c0928500b23361ed0f60db2cc7e588bd240f57,QP2000C 실리콘케이스 핸디형_샌드,qp2000c실리콘케이스핸디형샌드,CASE-QP2000C_Hand_Sa,1,370,confirmed,true
8cc34d642deefefaf09e171051b55fc677103ebbbff1ea431cf1d2288ca2ff47,QP2000C 실리콘케이스 핸디형_라벤더,qp2000c실리콘케이스핸디형라벤더,CASE-QP2000C_Hand_La,1,371,confirmed,true
227667fcacb0da93be3a1fcc93998f4039ba440d64d2a9a939724329fa815e65,QP2000C 실리콘케이스 핸디형_핑크,qp2000c실리콘케이스핸디형핑크,CASE-QP2000C_Hand_PK,1,372,confirmed,true
829093ba6329ef26fde9f4614364980ecc3976efb2fc9ee30f6a9b9b10efdcbc,QWS-V5 화이트,qwsv5화이트,QWS-V5-WH,1,374,confirmed,true
f72b4aca444072110df67f3056ac2ca2a68d4b64a36eae7052d84a7244d17a6f,캐리어저울 블랙,캐리어저울블랙,QA-Luggagescale_BK,1,375,confirmed,true
f5443637300c2cbb43412ac6aec3cca7a0247e633ee897b72c9aad62c55bb3af,캐리어저울 화이트,캐리어저울화이트,QA-Luggagescale_WH,1,376,confirmed,true
f3ddf3141d2c7d087b3d1fa2aaff7d73f3dd92d25f9480bf4d90f8c3b5661e44,커스텀파우치 - 블루,커스텀파우치블루,QA-Custumpouch_BL,1,377,confirmed,true
d221b65f4a5339acde4816d9dfd5e460253a138eda1dbf1ff3bb18a95e8f55a3,커스텀파우치 - 블랙,커스텀파우치블랙,QA-Custumpouch_BK,1,378,confirmed,true
4abbb2ee7c70b8b68ab161a95028f15b18bd12f6af19c359e807d02b06899903,커스텀파우치 - 옐로우,커스텀파우치옐로우,QA-Custumpouch_YL,1,379,confirmed,true
d4c682fc22d37ef4ed6e752ce0f0decc108d0f2a3be292275ed6027202c3626d,커스텀파우치 - 그린,커스텀파우치그린,QA-Custumpouch_GR,1,380,confirmed,true
4355bbd15ccd8bb91be0662432b180929a9724a92996efc9d1fed5e881f50a38,커스텀파우치 - 베이지,커스텀파우치베이지,QA-Custumpouch_BE,1,381,confirmed,true
51850efc60d6eec5dc372d1e1d5dcb53680f017ca2c9834df9e755d75d0b9fd5,CPD520 블랙,cpd520블랙,QC30-CPD520-BK,1,383,confirmed,true
d2df32461eccb0ac43699bbe11666250aba4fa96372aaa206984a894e8f2da9e,CPD520 화이트,cpd520화이트,QC30-CPD520-WH,1,384,confirmed,true
e7dbb0ac27b8b6681b379c4bd34a8db9ea92fedd14b4438a1377a2c22f58095f,60W 케이블 솔리드그레이,60w케이블솔리드그레이,RQM-CC150-CS-GR,1,385,confirmed,true
6f5d4b97d7f308d0dea20f98c4cf347e62d12ec511661b53a16f96161b095871,60W 케이블 소프트화이트,60w케이블소프트화이트,RQM-CC150-CS-WH,1,386,confirmed,true
79488ed899458b405285ec4ec3e27bf1509318c36fc343d3a1fc2b28dc94c0fb,Velcro-tie_1M,velcrotie1m,Velcro-tie_1M,1,394,confirmed,true
6228a3b363ad0076819997f36878b2e117d4e5680dd587713f20b0eefedb3bbf,무선핀마이크 듀얼 8핀,무선핀마이크듀얼8핀,SE-PM200A,1,395,confirmed,true
c520b5597d1996296e8fde727bf6a4e595af6e0074b5a9008bda4c93deaefc50,QMS01 블랙,qms01블랙,QMS-QMS01_BK,1,397,confirmed,true
675b0f451378c08fb1b44f7e192bf085a3d9fd53a91325cccd9a885eb5262a62,맥세이프플레이트,맥세이프플레이트,QMA-Ringsticker_BK,1,399,confirmed,true
90e4b3edbd25ea24ef7f4ce196698795f84276f7681daefb6306754ba7af96f8,타포린파우치 - 그레이,타포린파우치그레이,POUCH-Tarpaulin_F-GR,1,400,confirmed,true
44dfa4da30c77d8ab4ee569544e3f64cfe88bfe073a8f55dd142e64535aa4a8d,QWC-B1500 블랙,qwcb1500블랙,QWC-B1500-BK,1,401,confirmed,true
da48961c5a0eb952a27b394bc50bf8f3972c489fedfc4d2eaa1054f6750c3012,다용도 멀티파우치,다용도멀티파우치,MTB100_다용도멀티백,1,402,confirmed,true
e8a735431508f594b8ea1c10b5b9915a3ec4889c9309311e34eec98a919d445b,맥세이프 카드지갑 - 브라운,맥세이프카드지갑브라운,QMA-Cardwallet_BR,1,404,confirmed,true
5a8f7c811fb2d2059bee038a483996b65e0ba124cca708676228d642fcde9a80,맥세이프 카드지갑 - 그린,맥세이프카드지갑그린,QMA-Cardwallet_GR,1,405,confirmed,true
138eb6b891cbdbb04ec9cd90a2d06d30a278ec0d559b51393d62e6e4b2e81f23,맥세이프 카드지갑 - 오렌지,맥세이프카드지갑오렌지,QMA-Cardwallet_OR,1,406,confirmed,true
854500d08d0be553003fc8ca980b9aa2b918c6452b13abbc591fdac6e175cf5f,맥세이프 카드지갑 - 네이비,맥세이프카드지갑네이비,QMA-Cardwallet_NA,1,407,confirmed,true
4d010e45ad3aeb7265991687cce60832a4885cbeb6f6527cf4ef745476920d89,QPD365N 그레이,qpd365n그레이,QPD-365N_GY,1,410,confirmed,true
275749a5d69a2ca4edc30d1f0fab3d691e268a4493e229918dcde7612e4fa842,QPD365N 화이트,qpd365n화이트,QPD-365N_WH,1,411,confirmed,true
185e80d7fa77b9376564ef41cd1a1b77d81562b5ec8971783803b0b5f5ad005e,QPD330 블루,qpd330블루,QPD-330_BL,1,413,confirmed,true
b75fd6b8e2249c41b8cf185a8fe3891da6c145c72416da851aa959bf72900bb1,QPD330 핑크,qpd330핑크,QPD-330_PK,1,414,confirmed,true
c7587084a2da6caa66d6eb3e9afdfe7e94b54203c155090a298d2cfe79a36d07,QPD330 솔리드그레이,qpd330솔리드그레이,QPD-330_SGY,1,415,confirmed,true
69e78e2769e510288288b49ac396b096437cf614738d75897c385c45119fb197,QPD330 소프트화이트,qpd330소프트화이트,QPD-330_WH,1,416,confirmed,true
bde6a6d0e0cf51e0d6348967f1d5d04b9feebc2a364b8e2141ce36379dc700f9,30cm 크레용케이블 버터,30cm크레용케이블버터,QCB-CC30S_Butter,1,418,confirmed,true
98d090a45d65c7e01fdfb5f437bc4a07506157135efdbd21ddbc55d53975fbe8,30cm 크레용케이블 캐롯,30cm크레용케이블캐롯,QCB-CC30S_Carrot,1,419,confirmed,true
812316d97ac7654d947c3b3b75480d567ef7cd2c5f5ed1dbe45dc0cc69060445,30cm 크레용케이블 코발트블루,30cm크레용케이블코발트블루,QCB-CC30S_CobaltBlue,1,420,confirmed,true
22c99549bebb48fccfb2ce3d56d568bc2abf021371c11df30bcecb7639a051c9,30cm 크레용케이블 라벤더,30cm크레용케이블라벤더,QCB-CC30S_Lavender,1,421,confirmed,true
69d5dcef6230e597082b150376176e963765adac408e267c57e70b779e04bee0,30cm 크레용케이블 네온그린,30cm크레용케이블네온그린,QCB-CC30S_NeonGreen,1,422,confirmed,true
ed3fc29c6c61e7d7d1918818bf4b9d3789e82a80c7bf648c241c7dde9067a9f6,60cm 크레용케이블 버터,60cm크레용케이블버터,QCB-CC60S_Butter,1,424,confirmed,true
8008dd56f98dda554ba69116edc5c25e12b71cfba3f93449a4f1e20f0fb7029f,60cm 크레용케이블 캐롯,60cm크레용케이블캐롯,QCB-CC60S_Carrot,1,425,confirmed,true
5c5360aed4693bebce30396044788575889077439f31e8a7c57b018c95959e48,60cm 크레용케이블 코발트블루,60cm크레용케이블코발트블루,QCB-CC60S_CobaltBlue,1,426,confirmed,true
1165b5045d2a8f05e4cb9c65aaf04b2bbffa87a5d2aca02786d03cb3388315d1,60cm 크레용케이블 라벤더,60cm크레용케이블라벤더,QCB-CC60S_Lavender,1,427,confirmed,true
67566543f8db770d6a88f8f404b12ba88d664d4ddb0980a85c6f525e3b7a55d0,60cm 크레용케이블 네온그린,60cm크레용케이블네온그린,QCB-CC60S_NeonGreen,1,428,confirmed,true
563cca96d088c44064dc4ffdd83e531bb0c7fb434d4c790f0cbd06854f0da2f6,QMP5 화이트,qmp5화이트,[RQM]-QMP5-WH,1,430,confirmed,true
d5a4e09c09e13b891f674457cbc6c5795234390e01a6e75b6afedc82e33a74bb,30cm 컬러케이블 버터,30cm컬러케이블버터,QCB-CC30S_Butter,1,432,confirmed,true
8f3355a89184895fb9ec17f11eeb527b3f78720a9001b7b7adc2d6841f1f44fd,30cm 컬러케이블 캐롯,30cm컬러케이블캐롯,QCB-CC30S_Carrot,1,433,confirmed,true
b639582bf283ccd3274e16ec16e33eb07ce9521fe78c636e59538075f085f20c,30cm 컬러케이블 코발트블루,30cm컬러케이블코발트블루,QCB-CC30S_CobaltBlue,1,434,confirmed,true
a7a0465ecfee51708f51c331482b9663bddbc17922e405dc75990ecc851b9379,30cm 컬러케이블 라벤더,30cm컬러케이블라벤더,QCB-CC30S_Lavender,1,435,confirmed,true
6f306c0662a9951e217bc698c570130ca24726a681e238cc2abbc8f6dd756c92,30cm 컬러케이블 네온그린,30cm컬러케이블네온그린,QCB-CC30S_NeonGreen,1,436,confirmed,true
e36cdd91e626e18ef4669f2b79eee5adaeecb4b0704ebf2744b3fe2a96d26284,60cm 컬러케이블 버터,60cm컬러케이블버터,QCB-CC60S_Butter,1,438,confirmed,true
d06b2eb50c040effefc9b29a132ffaa00c90924b3191b367ddace414ea3b91ef,60cm 컬러케이블 캐롯,60cm컬러케이블캐롯,QCB-CC60S_Carrot,1,439,confirmed,true
bb18dd78e614b4fef55bde2b59456963d7d181b3683682b7d6c327f3ad9d6b76,60cm 컬러케이블 코발트블루,60cm컬러케이블코발트블루,QCB-CC60S_CobaltBlue,1,440,confirmed,true
457f54ea56f84dfecd68994ce4dfb45c4e9aaa9907caed5aa90f1e023441536c,60cm 컬러케이블 라벤더,60cm컬러케이블라벤더,QCB-CC60S_Lavender,1,441,confirmed,true
a0e6cba4c404f487efc57a133b192bdab514793ae78c006966db3739c7130e2a,60cm 컬러케이블 네온그린,60cm컬러케이블네온그린,QCB-CC60S_NeonGreen,1,442,confirmed,true
065f7b55ba388dc3deb80b1ee9712f818c4be9ee4d8da50354714733f8f3bd86,QM4100 솔리드그레이,qm4100솔리드그레이,QMC-QM4100_GY,1,444,confirmed,true
88c7e59718f2679a060296266a42b5b21f139c43d3fd532b70cf40fec156a7dd,QM4100 소프트화이트,qm4100소프트화이트,QMC-QM4100_WH,1,445,confirmed,true
dc8547ccac088f843bcdd8842e1fe8f01f062895ec2094e08050fd1318129aa4,QMA-Bubblepad_Or,qmabubblepador,QMA-Bubblepad_Or,1,446,confirmed,true
3c045033686b814ffe04573c41ca85239899d50c5de3df07ec8e5135aae5993f,SOMEONE-PINK,someonepink,SET-SOMEONE-PINK,1,447,confirmed,true
736410f454739c567671f40e847d02952485afa5fc99947c45540672cb0f4dad,QWC-CW500,qwccw500,QWC-CW500,1,448,confirmed,true
dc7656406467c83112131cbca1799126003743440592b73da3b62d8ea4433836,SET-SOMEONE-PINK,setsomeonepink,SET-SOMEONE-PINK,1,449,confirmed,true
66ce5641c1a69abe9a14fcbbc2936dfa24fe3d9444018b6a9179c558dba30214,맥세이프 카드지갑 - 애쉬그레이,맥세이프카드지갑애쉬그레이,QMA-Cardwallet_AGY,1,450,confirmed,true
55b2149e5dcee70f6bafb5276827c952a72db20d1b86f7543eca218a34db54ca,맥세이프 카드지갑 - 핑크,맥세이프카드지갑핑크,QMA-Cardwallet_PK,1,451,confirmed,true
877d5e5274e09bea18da774f44e0456a2d6d6321ffae145cee415d5afeaccbc8,맥세이프 카드지갑 - 솔리드그레이,맥세이프카드지갑솔리드그레이,QMA-Cardwallet_SGY,1,452,confirmed,true
2452cb06dd95bfb37105c5d1a57b8e31ac7f08a08b6504b0eeac78e7362642de,맥세이프 카드지갑 - 베이지,맥세이프카드지갑베이지,QMA-Cardwallet_BE,1,453,confirmed,true
473f3cac57c784497dbdfd8d22380eee2fff38fbba9590f566da0765ea547ad0,맥세이프 카드지갑 - 다크브라운,맥세이프카드지갑다크브라운,QMA-Cardwallet_DBR,1,454,confirmed,true
c84bfc5d9e51476f41f1e243f46afd88ddcf83be5ee36622482ccdf1a3e3289c,UV 판박이스티커,uv판박이스티커,QA-UVSticker,1,456,confirmed,true
8eb5fd23218ea9ae5f25e7b59806d3dee0f44786d3d1cf41ce810b3cddc12763,UV 판박이 스티커 - 럭키피플신드롬,uv판박이스티커럭키피플신드롬,QA-UVSticker,1,457,confirmed,true
aef483b2f197d70b0ae1f6593d7ab396d8330babfa5e2379b7cfe5516e686912,UV 판박이 스티커 - 빵지순례,uv판박이스티커빵지순례,QA-UVSticker,1,458,confirmed,true
a159c08959c06bcc601887c82880bce2a390f7c43fced19766061a396dd5cd55,UV 판박이 스티커 - 이모지,uv판박이스티커이모지,QA-UVSticker,1,459,confirmed,true
748c4faf20694e8e21f25cfcaaf030ad095996873520415e9b003ae281b9f3ce,맥세이프버블패드 소프트 민트,맥세이프버블패드소프트민트,QMA-Bubblepad_Mi,1,461,confirmed,true
8302976388611187c1c543a836ce15c4c32686f49ee1617472be042f4124dda9,맥세이프버블패드 소프트 크림,맥세이프버블패드소프트크림,QMA-Bubblepad-Cr,1,462,confirmed,true
27d78d6bb2c81f01e54ce5ce549c2c87eaf426d5d9f1959d0883407f97e07621,맥세이프버블패드 소프트 라벤더,맥세이프버블패드소프트라벤더,QMA-Bubblepad_La,1,463,confirmed,true
41147ddffb5d87103909aba12aec33b8c6b285ded6202f72a509cffec94bd6b7,맥세이프버블패드 소프트 블루,맥세이프버블패드소프트블루,QMA-Bubblepad_Bl,1,464,confirmed,true
57bdc3c8b355c36040ad22d53f9b77373fd5e8a5868aed8498e49813266d81e3,맥세이프버블패드 소프트 블랙,맥세이프버블패드소프트블랙,QMA-Bubblepad_Bk,1,465,confirmed,true
6e33f914288d0ad9c5ecbb784df20edc67fa182ed0ce629afbb677be724244d2,SOMEONE_블루 (포장지확인) 디펑,someone블루포장지확인디펑,SOMEONE-BLUE,1,467,confirmed,true
ce3dbf18d57edb0d9f036b4cd226307166a8acb590ed88fe6edc42f709e45277,SOMEONE_디펑블루,someone디펑블루,SOMEONE-BLUE,1,468,confirmed,true
9eaae186be2d0ece4a50dd9e6331c1cf6dee5c732f620966d871cc4fb31de3f4,맥세이프 실링 - 블루,맥세이프실링블루,QMA-SilRing_BL,1,469,confirmed,true
a15479fcfac11fcbd539cd64a9851bf29b8f16063d6000b2814e7474af5d8e14,맥세이프 실링 - 레드,맥세이프실링레드,QMA-SilRing_RD,1,470,confirmed,true
4eaa7f63466e221008bc9ebaa05624cbfac4cc93feedfc38c03216c01e778e61,맥세이프 실링 - 옐로우,맥세이프실링옐로우,QMA-SilRing_YL,1,471,confirmed,true
8ef56ac3e73c54a06fa016befb2daa2c68df02bcaa4eaa596bd230c07d814e41,QP1000C 실리콘케이스 야광핸디형_옐로우,qp1000c실리콘케이스야광핸디형옐로우,CASE-QP1000-Hand-GlY,1,473,confirmed,true
df0165eabe31cc200e20371e79c15606fc54af4d4ffd86bde8618397e47e8a37,QP1000C 실리콘케이스 야광핸디형_블루,qp1000c실리콘케이스야광핸디형블루,CASE-QP1000-Hand-GlB,1,474,confirmed,true
13f2cfc489aacacf0d1c3e9db9b17ca53542851d667e364659c80c138792de97,QP1000C 실리콘케이스 야광핸디형_오렌지,qp1000c실리콘케이스야광핸디형오렌지,CASE-QP1000-Hand-GlO,1,475,confirmed,true
943d4aec674a0f0bfe8f7e8a21fdb28a74594523b7aefa45341e5d0e4cec2fcc,QP1000C 실리콘케이스 야광핸디형_그린,qp1000c실리콘케이스야광핸디형그린,CASE-QP1000-Hand-GlG,1,476,confirmed,true
24f52b4c19ed1eb085a62884bbbf64ae79c3b6334ba938609c886f0add973854,QP2000C 실리콘케이스 야광핸디형_그린,qp2000c실리콘케이스야광핸디형그린,CASE-QP2000-Hand-GlG,1,478,confirmed,true
5e78963dbd957d8e4b04301ad8dcfcfb7b4e741600c6b952ec3fb6a77899e2a7,QP2000C 실리콘케이스 야광핸디형_블루,qp2000c실리콘케이스야광핸디형블루,CASE-QP2000-Hand-GlB,1,479,confirmed,true
5c565430167e673c07177a74cb8ec71c755b1af9a3c8287810ebc7ecbb15355b,QP2000C 실리콘케이스 야광핸디형_오렌지,qp2000c실리콘케이스야광핸디형오렌지,CASE-QP2000-Hand-GlO,1,480,confirmed,true
70dc9bd4bba1e96285bbbe1a8e5cf4d72f668f27a7c5f2aa901f2b45df70ba8a,QP2000C 실리콘케이스 야광핸디형_옐로우,qp2000c실리콘케이스야광핸디형옐로우,CASE-QP2000-Hand-GlY,1,481,confirmed,true
57161c0d85352dbf35bd522ac66b28ab4a493d4956634a55a22c29cfa0c70e76,ACONE 모닝브리즈,acone모닝브리즈,QMC-ACONE-MB,1,483,confirmed,true
9967ee08771276f9ec6f86f3ff1899bb5a346c71ffcb74add9d3df0ba1f19e43,ACONE 선셋,acone선셋,QMC-ACONE-SS,1,484,confirmed,true
06adebfafa663325327472808b28526bc96e3e2d58ea568923e8d629ed670237,맥세이프 실링 - 샌드,맥세이프실링샌드,QMA-SilRing_SA,1,486,confirmed,true
e7c36a59ba7336220d40d29dfb5c0cf63fb80738c98ab232d3cd2c3c2c38b8be,맥세이프 실링 - 에보니,맥세이프실링에보니,QMA-SilRing_EB,1,487,confirmed,true
498483a2b3d1d0354bd5557b0051640c852b043a747bb37df051a569b3725c76,맥세이프 실링 - 그린,맥세이프실링그린,QMA-SilRing_GR,1,488,confirmed,true
c70b8963e5fdac78f7d3a66381cce865ac77413ae4a24ceddaef3b8af32d6d27,QP2000C 세이지민트,qp2000c세이지민트,QP2000C_SageMint,1,490,confirmed,true
558fa596a0c727c4ebc5d5b737f831faf47d82a61c23b9a569f2d3f16a6fb7ec,QP2000C 토마토레드,qp2000c토마토레드,QP2000C_TomatoRed,1,491,confirmed,true
b60f52385f2ac5920e5b79f94b42c87b6bcd1d42669ea8555c8e630e3aa3e5be,ACONE 실리콘패드,acone실리콘패드,ACONE-Sliconpad_SA,1,493,confirmed,true
81250a17f529bcfad3697141b1fc4b2b7d00b6dd0c2fd606de80e2fc69a43b64,ACONE 원더랜드,acone원더랜드,QMC-ACONE-WL,1,494,confirmed,true
c9e496ba647973f5eddeafc0c5b23afa060aa7b387275d14b996d38987cb4ec5,미니 커스텀파우치 - 옐로우,미니커스텀파우치옐로우,QA-Minihardpouch_YL,1,495,confirmed,true
0b2ae7d6062ea376db4880747aa770062e0ff7476bb7e446369f60f76c49e3b8,미니 커스텀파우치 - 베이지,미니커스텀파우치베이지,QA-Minihardpouch_BE,1,496,confirmed,true
a0645cf60471acf9255f726fe180e1cf2755d7594e1fa75890fa8bfcad3b7644,미니 커스텀파우치 - 그린,미니커스텀파우치그린,QA-Minihardpouch_GR,1,497,confirmed,true
fd76ad639a31bbe7fdb4793a20ce9c4d7ccaa2a4a93d12bb3034d39be3fce9d3,미니 커스텀파우치 - 블랙,미니커스텀파우치블랙,QA-Minihardpouch_BK,1,498,confirmed,true
fffb906dd563de1014a279a2317d757afbc037a01acd10eb0160657c64b0bc8f,미니 커스텀파우치 - 블루,미니커스텀파우치블루,QA-Minihardpouch_BL,1,499,confirmed,true
dd41caae1cbb7a1c2080f93ded471c97cd66a2a0a61ede3efed309f57ed6fb9c,GOOUT 러그 - 옐로우,goout러그옐로우,QA-Rug_GOOUT_YL,1,500,confirmed,true
dc0a031f189e2878e18dab306994017769f7bb17ab2f82c6649f28105651e83b,GOOUT 러그 - 블루,goout러그블루,QA-Rug_GOOUT_BL,1,501,confirmed,true
2c6900c17cb564fcac92574b003275006c93436c27bbe46129591c3b0e370c54,GOOUT 러그 - 레드,goout러그레드,QA-Rug_GOOUT_RD,1,502,confirmed,true
e5c0db076de0d5dbba9075132959b563417cdca9f5d3d3e4a1b566378b4961c4,GOOUT 러그 - 그린,goout러그그린,QA-Rug_GOOUT_GR,1,503,confirmed,true
8bcf040c424358d6a3ec02063494198c097d549c183ef757956bfd30b9d84337,GOOUT 젤리키링 - Q 옐로우,goout젤리키링q옐로우,QA-KeyRing_Q,1,506,confirmed,true
abb13baa33af3f69e145ffdfdb07447dfab6c639a48b55e37c27b0fc3ec6693c,GOOUT 젤리키링 - R 베이지,goout젤리키링r베이지,QA-KeyRing_R,1,507,confirmed,true
0fb5f4a4e59a4725f7e5c5bc63b1b2120cd6c0cb1ae7fd97ef4f19f008bf8973,QS1500-그린,qs1500그린,QWC-QS1500-GR,1,509,confirmed,true
cb521b705cfbecbfbac32ad561c85effc004e4a2b407aebdca08b02445b4ccd2,QS1500-핑크,qs1500핑크,QWC-QS1500-PK,1,510,confirmed,true
9d421b97d52430ff47ec79bcaabb86b35d0d1f61a761e808bca3c4fc92fb1a89,GO OUT 지비츠 참 스티커팩 - 캠핑,goout지비츠참스티커팩캠핑,QA-Jibbitz_CAMPING,1,513,confirmed,true
a683f69aafbfbf510a3163987ea55ab43c3c8310f5925c415ecfd49e427ffc3f,GO OUT 지비츠 참 스티커팩 - 여행,goout지비츠참스티커팩여행,QA-Jibbitz_TRAVEL,1,514,confirmed,true
28ea8c9b663807fa295180c73861f532d770af2689afbdf63b179fdd403ca5e3,GOOUT 아크릴 키링 - 쿠키,goout아크릴키링쿠키,QA_Keyring_AC_XMAS,1,517,confirmed,true
68677bc7fcbc3f522c67839680a2f7f69073f1b7069c7cee203d7916263f7216,45W 여행용어댑터 - 블랙,45w여행용어댑터블랙,QTC-45W_BK,1,520,confirmed,true
55ad5953dbd78d1ace3a198ae1b873832f92a8420db57565361fff58672aed40,45W 여행용어댑터 - 화이트,45w여행용어댑터화이트,QTC-45W_WH,1,521,confirmed,true
c18f0b460bca03dc51b9fa362b54ffda4206a5ab845028ee8ad3a2236d3ed7f7,QP1000C1-Butter,qp1000c1butter,QP1000C1-Butter,6,535,confirmed,true
4164cfcfb290b84c4d9fccd80978b810ab7a919d8d167f4fba8b968070ed5a9b,QP1000C1-Carrot,qp1000c1carrot,QP1000C1-Carrot,6,536,confirmed,true
d54474cc1f8b4d784bef741a01a076e7fdc7261923094507f6c8f7c75b9ea842,QP1000C1-CobaltBlue,qp1000c1cobaltblue,QP1000C1-CobaltBlue,7,537,confirmed,true
99468dad32255799c720817d7ea1f2fc3095964f0efbbb7f89d55c3ad5ec8e1a,[RQM]-QP1000C1-BL,rqmqp1000c1bl,[RQM]-QP1000C1-BL,7,538,confirmed,true
f4cb08316c6c8e7d68732e753c33c838c0975ec70dc4b260f77f151e045de5a4,[RQM]-QP1000C1-PK,rqmqp1000c1pk,[RQM]-QP1000C1-PK,5,539,confirmed,true
80ba15c1bcb504c6c390e099c9dd779e02f4cfe2a089def4d2a93656a0a9244a,[RQM]-QP1000C1-WH,rqmqp1000c1wh,[RQM]-QP1000C1-WH,7,540,confirmed,true
fcb7b109c994a09711c981024a17d37af84e4b9d684bb13abb64aed17037f8cf,QP1000C1-NeonGreen,qp1000c1neongreen,QP1000C1-NeonGreen,4,541,confirmed,true
9e6186a89114563aa124e6560ff2c1f80d31bf82aa1eac3376c06c6c8a7be697,[RQM]-QP1000C1-BK,rqmqp1000c1bk,[RQM]-QP1000C1-BK,3,546,confirmed,true
b67cdf255973df6286b0aaca5effa772e2012c778cf1eefd771ed70f94db03ef,RQM-CC150-CK-BL,rqmcc150ckbl,RQM-CC150-CK-BL,1,580,confirmed,true
eeae6810868617af8a803c3abfce2786cf5a56510a4ceadd6a472f2a91d6b425,RQM-CC150-CK-PK,rqmcc150ckpk,RQM-CC150-CK-PK,1,581,confirmed,true
0bf0149fbd4a88b0fe8318c963820386bd6a156f7ea8f8c5e7b902dac60015d9,QWC-QS1500-GR,qwcqs1500gr,QWC-QS1500-GR,1,582,confirmed,true
7562a96738f3bda5832c59315fdfdc8810edc353ff891d82c1ff6bd050ac15c9,SOMEONE-BLUE,someoneblue,SOMEONE-BLUE,1,583,confirmed,true
23da041f02ef3b293e06d4d87dd249e6e29eaa4337eb0d4125c6b28c8408f17a,QWC-QS1500-BL,qwcqs1500bl,QWC-QS1500-BL,1,584,confirmed,true
dd57a69aa4b4bad6cdd71cced803b201427a6541299befad96b1e6632def0e91,QWC-QS1500-PK,qwcqs1500pk,QWC-QS1500-PK,1,585,confirmed,true
ea16d348fc11782a065147c60aad75f3c396dc00bab49065f51dd4835c5515b6,QP2000C_SageMint,qp2000csagemint,QP2000C_SageMint,5,586,confirmed,true
c58068d7d9f170f2b3ee737238bf6d2896287dad1ab02fd961cb05546d7078c3,QP2000C_TomatoRed,qp2000ctomatored,QP2000C_TomatoRed,4,587,confirmed,true
32af9c23b69e0d6411ad49327b9e637a6262ca30af2925dc2994ef505114cede,[RQM]-QP2000C1-Beige,rqmqp2000c1beige,[RQM]-QP2000C1-Beige,3,588,confirmed,true
a9fdfea1aaa87546ea4fa48476b11c5d1456ac4507478d5df4884c379fbc4ce0,[RQM]-QP2000C1-BK,rqmqp2000c1bk,[RQM]-QP2000C1-BK,2,589,confirmed,true
a7277ae24e373e685c90a99d25da326cf11b439a37aac12882ac1874e7aa086e,[RQM]-QP2000C1-Green,rqmqp2000c1green,[RQM]-QP2000C1-Green,3,590,confirmed,true
b87f028f47005397ed3044c95ef1f3db98ce5907e3a1872658f8038b43c96fcb,[RQM]-QP2000C1-WH,rqmqp2000c1wh,[RQM]-QP2000C1-WH,5,591,confirmed,true
0d630cfc1fcd27573ce7b4adde90c2ac19471bf6f7ce0805977838d9ac85a3cb,QPD-330_BL,qpd330bl,QPD-330_BL,1,608,confirmed,true
1b9e043fb1c776f900aca8864aa65e308d1281680b04093409e0427a3e36d41d,QPD-330_WH,qpd330wh,QPD-330_WH,1,609,confirmed,true
5d3dc6a1fd82b72639949d6543c05ba64aac1c48607058b88138e2ac3f9f6851,QPD-330_SGY,qpd330sgy,QPD-330_SGY,3,610,confirmed,true
b565c57a100cd20e7a747e58b619a0540c95381e2267d6f6529034a88df42abe,QPD-330_PK,qpd330pk,QPD-330_PK,1,611,confirmed,true
5a99fa35b91c26b2ea81e28b11340383dfac63a57483caa7307d7dccc0dcd497,QWC-Q3100S-BK,qwcq3100sbk,QWC-Q3100S-BK,6,614,confirmed,true
2ab32401c4023de891db237d2c22620aa3caee069db6e1db8d311353b6e33672,QWC-Q3100S-WH,qwcq3100swh,QWC-Q3100S-WH,6,615,confirmed,true
39f9613dc134cf79b86d263136989cbafc625b9a880d4162c3b7cc2b24f2cbb9,QPD-365N_WH,qpd365nwh,QPD-365N_WH,10,626,confirmed,true
c4a10cd51898ade6a99a53792eb5e85ac913b11f33bfdf67f480b94e591465e6,QPD-365N_GY,qpd365ngy,QPD-365N_GY,7,627,confirmed,true
548440c802e294dcd4f597e47291bda4646f10689fae3adc70980cee34097b07,QTC-45W_BK,qtc45wbk,QTC-45W_BK,1,643,confirmed,true
5afab3070860cc2d7427fc94a191889b6fc8ce9f860ffc47b82216f14249d3ff,QTC-45W_WH,qtc45wwh,QTC-45W_WH,1,644,confirmed,true
71f4b7a7acd7c89e9cb06d714afc6a627a8dd1095ee34691acdec8e9663ef032,QCB-CC30S_NeonGreen,qcbcc30sneongreen,QCB-CC30S_NeonGreen,2,645,confirmed,true
a63187ec381493bad1fc3aa33766ef78d1578208206a81e2bf319bad9562229e,QCB-CC30S_Lavender,qcbcc30slavender,QCB-CC30S_Lavender,2,646,confirmed,true
8c0898c76c201574dafdb0d44e4bfc8bf96dae8e7280a8fd52e3ee447d8f343d,QCB-CC30S_Carrot,qcbcc30scarrot,QCB-CC30S_Carrot,2,647,confirmed,true
64a8640c6bfbf7eacc7a8f0b16613f152c6861289342f2512bd34354401e57c0,QCB-CC30S_Butter,qcbcc30sbutter,QCB-CC30S_Butter,3,648,confirmed,true
580b2a8100b8937b622fe16b46dbb940891f1d6aed083b677b97f552296c783d,QCB-CC30S_CobaltBlue,qcbcc30scobaltblue,QCB-CC30S_CobaltBlue,2,649,confirmed,true
b01493db37536216bbaa3dca1e56a724c62d9487c5cced4408e6ca5e07bafabd,QCB-CC60S_NeonGreen,qcbcc60sneongreen,QCB-CC60S_NeonGreen,1,651,confirmed,true
0bc762cda2f5432554b159b5344361a11c06c26e364bb7e6965fa3d242ce221d,QCB-CC60S_Lavender,qcbcc60slavender,QCB-CC60S_Lavender,1,653,confirmed,true
9eb858a7c3ee60f53b9a6280b33e29d778d476245c01bfa94042d207d38a744e,QCB-CC60S_Butter,qcbcc60sbutter,QCB-CC60S_Butter,2,655,confirmed,true
e111f024c3cf1125055cd59da47826dd9cd2d862c4226ee11e6c0acd21d31cfe,QCB-CC60S_Carrot,qcbcc60scarrot,QCB-CC60S_Carrot,1,657,confirmed,true
2640b86044e929f475c396d0a0ba901935c5ed09fd0baae6a25a4c34539c4963,QCB-CC60S_CobaltBlue,qcbcc60scobaltblue,QCB-CC60S_CobaltBlue,1,659,confirmed,true
ab4221bb89e9424b28e5cbd606349910fe0610bd6ce8cc8e6a9d9c81c796b0a2,QA-KeyRing_R,qakeyringr,QA-KeyRing_R,1,662,confirmed,true
fc1d5ce8c915c04586448afb45faa91f751df6ad6c482f581bbf9af1a314b8ce,POUCH-Tarpaulin-BK,pouchtarpaulinbk,POUCH-Tarpaulin-BK,1,663,confirmed,true
f79d1d6429ca09b8cc24407fd40039552c5663e8651fdc819c24ef30777561e5,POUCH-Tarpaulin-BLUE,pouchtarpaulinblue,POUCH-Tarpaulin-BLUE,1,664,confirmed,true
4ba36bcf7aa3e959811d6b4b0bc7a25ec96fd8b01a7942bc0e82b9feb7c0984a,POUCH-Tarpaulin-YL,pouchtarpaulinyl,POUCH-Tarpaulin-YL,1,665,confirmed,true
be08def30b303674ed91e94bd2a28e08902cc0075fe375bd8830ec06de85e87c,POUCH-Tarpaulin-WH,pouchtarpaulinwh,POUCH-Tarpaulin-WH,1,666,confirmed,true
d988b039e5a2b526dc1e776e7c94fa85f880daba63bfc3d6fae52768f5a580a0,RQM-MFICA150-CS,rqmmfica150cs,RQM-MFICA150-CS,1,667,confirmed,true
145ff8494cf6ca630043ec0967c22ba8cdfbadbc3836b1cd89a1b5d533a48922,CASE-QP1000A-Lavende,caseqp1000alavende,CASE-QP1000A-Lavende,1,668,confirmed,true
434edc1cf98f8b6dcde41607d56873732121431ca6e6a1b095d39a75b99d6f60,CASE-QP1000A-Mint,caseqp1000amint,CASE-QP1000A-Mint,1,669,confirmed,true
8c6fc971484ebb3b67e4c45da8aa34adaacec959ca02f1bc3713c6a8e6b0ac3a,CASE-QP1000A-Sand,caseqp1000asand,CASE-QP1000A-Sand,1,670,confirmed,true
10ffa67ca96974c637ad9b8164be3ad53f89d94e9b275c5a0e5bc5c9a02e0535,CASE-QP1000A-Ebony,caseqp1000aebony,CASE-QP1000A-Ebony,1,671,confirmed,true
7581a0bbf7de9b4fed7b0caab5845f1430b56018d2f5880104d22f7fdd7db9c1,CASE-QP1000C-Hand-Gr,caseqp1000chandgr,CASE-QP1000C-Hand-Gr,1,672,confirmed,true
6a8c63bd701047120acf51650623e88ea0bedf5eec3da04845185a0229837992,CASE-QP1000C-Hand-La,caseqp1000chandla,CASE-QP1000C-Hand-La,1,673,confirmed,true
3585cdd2648bbafb0c0e337d3a4f27d40bf0192a002438406509d285273efb95,CASE-QP1000C-Hand-Re,caseqp1000chandre,CASE-QP1000C-Hand-Re,1,674,confirmed,true
5199de2a01701449100f72578b137dd51e2f1362b7edebdeb5c3eebf1402ff7c,CASE-QP1000C-Hand-Mi,caseqp1000chandmi,CASE-QP1000C-Hand-Mi,1,675,confirmed,true
6866567b906642c9ed5ffa41743316bd90e25c24b2b90b3b8a6c87707625d8e6,CASE-QP1000C-Hand-Bl,caseqp1000chandbl,CASE-QP1000C-Hand-Bl,1,676,confirmed,true
b2d04e59d3e8b4656c5bbe765e25e8437d4797cfa24c5b1e2fd070845da771d7,CASE-QP1000C-Hand-Sa,caseqp1000chandsa,CASE-QP1000C-Hand-Sa,1,677,confirmed,true
c6e5545be1f014beb110077c63b13fd7b8eac7922db683ebe9a49b25b6e54ba6,CASE-QP1000C-Hand-Eb,caseqp1000chandeb,CASE-QP1000C-Hand-Eb,1,678,confirmed,true
ca0dee15b7681bdfc88cc612bf8ac061a512ffe92a2cf4bccfd1b9e429948909,CASE-QP1000C-Hand-Ye,caseqp1000chandye,CASE-QP1000C-Hand-Ye,1,679,confirmed,true
6486da4719535dffd85c243ba1bfcaaaa1b3a001f131165beaa1eabd49c3c186,CASE-QP1000C-Hand-Cl,caseqp1000chandcl,CASE-QP1000C-Hand-Cl,1,680,confirmed,true
6e9891a525d4279ce8732671502fb60a1b52b45edd3b77bc50e9108ff399ea84,CASE-QP1000C-Hand-PK,caseqp1000chandpk,CASE-QP1000C-Hand-PK,1,681,confirmed,true
6d12ba42438cf8b52f17c4d3dfdf2c8d8b59e9e6f766c6e563d1349df896ded3,CASE-QP1000-Hand-GlG,caseqp1000handglg,CASE-QP1000-Hand-GlG,1,682,confirmed,true
253098d75e6158e89d9548abb78b19eb85a2a30cb051e99adbfef49d5eac9a7f,CASE-QP1000-Hand-GlY,caseqp1000handgly,CASE-QP1000-Hand-GlY,1,683,confirmed,true
d7095b997481c05a05445a03234ca745f6d449f3325974787c7c3405d2dd9c71,CASE-QP1000-Hand-GlB,caseqp1000handglb,CASE-QP1000-Hand-GlB,1,684,confirmed,true
9400f0931b07d41c78c5252c1ff87dc4988cf5c62ab43d6f89448dfbc720d44b,CASE-QP1000-Hand-GlO,caseqp1000handglo,CASE-QP1000-Hand-GlO,1,685,confirmed,true
20809d97d068cd8c10694b4fc939d48a2e478afbb8355125094924b88683c60d,CASE-QP2000C-Lavende,caseqp2000clavende,CASE-QP2000C-Lavende,1,686,confirmed,true
ec012294d54f01bc8fcb61d4951519c6ac3ee1da4d8f22e58d011677393081c7,CASE-QP2000C-Red,caseqp2000cred,CASE-QP2000C-Red,1,687,confirmed,true
94a76cda3c8b62247c6cb2fe56bfd31d2e2b4df5d6d960304e22eeacbb44c533,CASE-QP2000C-Mint,caseqp2000cmint,CASE-QP2000C-Mint,1,688,confirmed,true
397f6c453e221dff0cd8e6f74c78078a61d00ab9a135ff9603ab3d1d9fc8dc62,CASE-QP2000C-Blue,caseqp2000cblue,CASE-QP2000C-Blue,1,689,confirmed,true
ef83f5ec24e73e4415b99d30c14b2fa5ecf5eb4981fd7c73e8f7ad3a38aa9f8b,CASE-QP2000C-Sand,caseqp2000csand,CASE-QP2000C-Sand,1,690,confirmed,true
2f136326aea269b5e16d9823544195249049d48c139003b13b3113f1a8499e7c,CASE-QP2000C-Ebony,caseqp2000cebony,CASE-QP2000C-Ebony,1,691,confirmed,true
8839d4482525a28e902360a184e548eaafb4642af7a7777314ff2426f16518d8,CASE-QP2000C-Yellow,caseqp2000cyellow,CASE-QP2000C-Yellow,1,692,confirmed,true
dcc23615d88d4fdb81e10ffa5bdda44f27742acb9bc6238cfdf6957da92ef70d,CASE-QP2000C-Cloud,caseqp2000ccloud,CASE-QP2000C-Cloud,1,693,confirmed,true
cef70494af70c83ac35a755d900ac2d6cf0674e3b26dd0ae30653cd4ec24998a,CASE-QP2000C-PINK,caseqp2000cpink,CASE-QP2000C-PINK,1,694,confirmed,true
f83606692d9018b6d35b8256979af77744c9d67c4134dbdbd57c1bbe175c2a5a,CASE-QP2000C_Hand_La,caseqp2000chandla,CASE-QP2000C_Hand_La,1,695,confirmed,true
8f81b3d74840b7e67a463cb2b9d8bf30a7ec7066619204957bdb6c8e166f841b,CASE-QP2000C_Hand_Mi,caseqp2000chandmi,CASE-QP2000C_Hand_Mi,1,696,confirmed,true
729b70d6ba9aa80efea872463404663f2a28a5e86a847c557d72894b8a0a1507,CASE-QP2000C_Hand_Sa,caseqp2000chandsa,CASE-QP2000C_Hand_Sa,1,697,confirmed,true
ca10a36efcf0ca3a4bb9e73e0a277a62fc486f6147e3cbc4a0883f88a5738f57,CASE-QP2000C_Hand_PK,caseqp2000chandpk,CASE-QP2000C_Hand_PK,1,698,confirmed,true
96a750415f9beedd9a4b639869c1c3b5718a1986d4598aa878b1dd8cbc3de095,CASE-QP2000-Hand-GlB,caseqp2000handglb,CASE-QP2000-Hand-GlB,1,699,confirmed,true
0e7a64c97421e404a1eb96548c9c7721b202513376414f3ad55424a6d13ee6b5,CASE-QP2000-Hand-GlG,caseqp2000handglg,CASE-QP2000-Hand-GlG,1,700,confirmed,true
56fa54b06d4b7d6d8fb2c146a2ee5560e143d3b36c10852fe4302556da42b0a7,CASE-QP2000-Hand-GlY,caseqp2000handgly,CASE-QP2000-Hand-GlY,1,701,confirmed,true
faa43b3885e1f6db6d3940c79131ec686924c19cc0e4cb6a5cc1bde14bdba4cd,CASE-QP2000-Hand-GlO,caseqp2000handglo,CASE-QP2000-Hand-GlO,1,702,confirmed,true
55c41cada0b317dc9d7f8cff0b6c0823af78987ff2c6d14d7996b29f833324f2,QWC-Q1500GR,qwcq1500gr,QWC-Q1500GR,7,703,confirmed,true
0e6367a00f88a0eb72f397c999773a8059c8153e2ff6fcc341a3735d719fcd69,QWC-Q1500WH,qwcq1500wh,QWC-Q1500WH,6,704,confirmed,true
f5b48dcb21e447411e9a5ed22b6af090e163abef921cbd1f13b9d05cf70a6dbe,QMS-QMS01_BK,qmsqms01bk,QMS-QMS01_BK,1,716,confirmed,true
f89eec679a9aac4ac0254b97d9ed85877b8f2ae1fa7acfd41884405c46a6f83e,QMC-ACONE-MB,qmcaconemb,QMC-ACONE-MB,4,717,confirmed,true
01f7da3a7fe48f0f13ed6bafb4dae28e4d420f9c19343efd29074433af48a25e,QMC-ACONE-SS,qmcaconess,QMC-ACONE-SS,3,718,confirmed,true
cc9a131879b813adae54599652ba3956ebd5faba3c027e423fda165233b8780c,QMC-ACONE-WL,qmcaconewl,QMC-ACONE-WL,6,719,confirmed,true
4f79710d1445d48c617cf05d815c41763958f5b2ec2ccce22d7cf0141a01a037,[RQM]-QMP5-WH,rqmqmp5wh,[RQM]-QMP5-WH,2,730,confirmed,true
a68b7f20c558aee4f78907fd1bc906cd8c00dfa0b790edbbc4ffd948ea6b1ce1,QMA-Ringsticker_BK,qmaringstickerbk,QMA-Ringsticker_BK,1,732,confirmed,true
c0b3d37205086f1a9c62b0d1301986b8d81d61880e72163f9eb5eadf81cfc0d2,QMA-Bubblepad_La,qmabubblepadla,QMA-Bubblepad_La,1,733,confirmed,true
099fc4f0e8f59b4442bc22f82722b36380f25ffad7ba26ad99e379212db6ff89,QMA-Bubblepad_Mi,qmabubblepadmi,QMA-Bubblepad_Mi,2,734,confirmed,true
382d7736428a0d6fe80c90f6ce3e3cb2756a4022c1c32bbe559273b3db0066bc,QMA-Bubblepad_Bk,qmabubblepadbk,QMA-Bubblepad_Bk,2,736,confirmed,true
dbeb85508c04b27889c2270fbf13b689e88bce40206fbbed89e9bf2197d1fdb9,QMA-Bubblepad_Bl,qmabubblepadbl,QMA-Bubblepad_Bl,2,738,confirmed,true
d11764442f0f8f95fed2f8960c2d702fced74de2a03e42242cd5475fbf7318bb,QMA-Bubblepad-Cr,qmabubblepadcr,QMA-Bubblepad-Cr,3,740,confirmed,true
71bef3c103f5d924c1a91118c038740178f069ac93d8010e91ca5dac551e5516,QMA-Cardwallet_GR,qmacardwalletgr,QMA-Cardwallet_GR,2,743,confirmed,true
31aab8b6f53614c8cab0d341e2d063e16dae240e6040f51aca01e07606f8c285,QMA-Cardwallet_NA,qmacardwalletna,QMA-Cardwallet_NA,6,745,confirmed,true
180da67df6ddb761f60eada28e33f6fffbb79d662d586277e1daeeeb44c9f84b,QMA-Cardwallet_DBR,qmacardwalletdbr,QMA-Cardwallet_DBR,2,751,confirmed,true
85f891f40439263be3bc747405b4da9a12b74ce556bb500f4fd3aa7462e29a56,QMA-Cardwallet_BE,qmacardwalletbe,QMA-Cardwallet_BE,2,753,confirmed,true
75f7ef82abae7c9fcd3922bb1e003cadce9db9f70e2ef24837a86e57e617bb06,QMA-Cardwallet_BR,qmacardwalletbr,QMA-Cardwallet_BR,1,755,confirmed,true
d8142de6648ce4d152f5acb097d186a977bbbbf13f0b7b2f455ac835b07b44eb,QMA-Cardwallet_SGY,qmacardwalletsgy,QMA-Cardwallet_SGY,4,756,confirmed,true
8139e02ca95fbc1606fbfa9b057f101590b087bb3d9d7a682a06d6ed497713db,QMA-Cardwallet_AGY,qmacardwalletagy,QMA-Cardwallet_AGY,4,760,confirmed,true
5f63f734f1cc87a2256302c52b531188c418781645701a07de1929bba93f2d1b,QMA-Cardwallet_OR,qmacardwalletor,QMA-Cardwallet_OR,3,764,confirmed,true
5a99a6fd340f18a618e78070b3d755b646ae19e73e6c0709e6fd01c520640689,QMA-Cardwallet_PK,qmacardwalletpk,QMA-Cardwallet_PK,3,767,confirmed,true
355b19db77c52afca0c27a520d8f051c825179c045a49652d48db2d2571d5ff9,QA-Luggagescale_BK,qaluggagescalebk,QA-Luggagescale_BK,1,770,confirmed,true
85e0ad936aa8ccabc678502a71d993227d547c11a5417cd086e7504b8089b74f,QA-Luggagescale_WH,qaluggagescalewh,QA-Luggagescale_WH,1,771,confirmed,true
f30f812d99b7874b3dc9297fa7960c1b63773fbb16054a748561a6a518ce003f,QA-Custumpouch_GR,qacustumpouchgr,QA-Custumpouch_GR,1,772,confirmed,true
a6b0816c2f1595563348d61a1d407de6e629c94cfcd5dd46dc05ea66216e30ee,QA-Custumpouch_BL,qacustumpouchbl,QA-Custumpouch_BL,1,773,confirmed,true
34d25f4976c899c9663f96408d0ea37f0eff31e582a800d4df61e9ba0475616a,QA-Custumpouch_YL,qacustumpouchyl,QA-Custumpouch_YL,1,774,confirmed,true
20a599945f3d99105bd51127dd15879bd2b379f3fbd032f4f7e6dc6cebaa53c7,Velcro-tie_3M,velcrotie3m,Velcro-tie_3M,1,775,confirmed,true
3da4e693ceaf31f92ae2d39a703df9dd9689909f7067ee2cc4b836b52c694878,QS-QST01M_BK,qsqst01mbk,QS-QST01M_BK,1,776,confirmed,true
23e0fb4ffde7e2aa917cc62903d431995c252a16dcd0c12b8d969e0270c78f1a,QS-QST01M_WH,qsqst01mwh,QS-QST01M_WH,1,777,confirmed,true
9c105caa0ed047a4dce00381fab04d44ac131565c8cb9a6440ff9bc8c193dd7b,QA-Minihardpouch_GR,qaminihardpouchgr,QA-Minihardpouch_GR,1,778,confirmed,true
a5189133c258f7c58b3bee9cbe908c41c8fb7b9bc45c3f451fcd83b7cd28cd7c,QA-Minihardpouch_BE,qaminihardpouchbe,QA-Minihardpouch_BE,1,779,confirmed,true
c2bcf3aee5c9d7b0f9eb5b84007256402acdc575847f9525b41eff4cfb2c26b8,QA-Minihardpouch_BK,qaminihardpouchbk,QA-Minihardpouch_BK,1,780,confirmed,true
13b92671a5be82203a20688ac66d670cf7cb0bfa8ddeadcd53ab434bbb166749,QA-Minihardpouch_YL,qaminihardpouchyl,QA-Minihardpouch_YL,1,781,confirmed,true
9318e378c2fb3872d6d3d05de60c2f3659b9ba0b467ce291d3cde0ba8f5cbd4e,QA-Minihardpouch_BL,qaminihardpouchbl,QA-Minihardpouch_BL,1,782,confirmed,true
83f3995d49c5ff0f10c761baf769f136f2ccd25812166ccfcfc637d6597f6d61,GOOUTstciker_TRAVEL,gooutstcikertravel,GOOUTstciker_TRAVEL,1,783,confirmed,true
fae51a1853929b27ae3b2f4f3aeb34c94c1700a28995f7b925c12c3f1f5d7e07,QMC-T3100_BE,qmct3100be,QMC-T3100_BE,1,785,confirmed,true
0ec1df451e2657d2dd8c742a5dea513a17b26ad7c21204731cccadd33785de17,QMC-T3100_BK,qmct3100bk,QMC-T3100_BK,1,786,confirmed,true
9d72e40871ab078c82541c524b4efc04e77d42eb96cdd619d654820781b4bba6,QA-Custumpouch_BK,qacustumpouchbk,QA-Custumpouch_BK,1,788,confirmed,true
171a106d7a1863454e10de073fdfebb83f33670a6e2c3c5df1608cd412643f75,T3100 - 블랙,t3100블랙,QMC-T3100_BK,1,789,confirmed,true
1b7f4c8b88be05dc4e419a0887934776f687a8fdb97a414e35f178cf83931b88,POUCH-Tarpaulin-RED,pouchtarpaulinred,POUCH-Tarpaulin-RED,1,790,confirmed,true
e78feb2060f9089ff4117ab32a44c6e17ce62fb7aba5c70735978ac96ec698ed,맥세이프버블패드 오렌지,맥세이프버블패드오렌지,QMA-Bubblepad_Or,1,791,confirmed,true
1000c741336cae0f874396d29956f26e17e390295cfd296b1e434590bd227957,QMC-ACONE-MS,qmcaconems,QMC-ACONE-MS,1,792,confirmed,true
78af1dcbb448a81c92cbced1ee203ccf5c8a8429a0a4e5485b68865c55a10e6c,QA-KeyRing_M,qakeyringm,QA-KeyRing_M,1,793,confirmed,true
6f1fde0e685d713b3d74216f1900c51a5dcc843e7b1072dc4e806798b4877a5f,ACONE 미드나잇섀도우,acone미드나잇섀도우,QMC-ACONE-MS,1,794,confirmed,true
4408a2cb1080de6e12f85de2cc3adba64bdd8dd96b80d74623f5a6da219a23cf,POUCH-Tarpaulin_F-GR,pouchtarpaulinfgr,POUCH-Tarpaulin_F-GR,1,795,confirmed,true
